AsOfDate,MXEA Index,RTY Index,NDX Index,SPX Index,SPMARC5P Index
2020-12-30,2161.48,1979.992,12845.36,3732.04,386.29
2020-12-31,2147.53,1974.855,12888.28,3756.07,387.1
2021-01-01,2147.53,,,,
2021-01-04,2162.36,1945.914,12694.66,3700.65,387.9
2021-01-05,2163.59,1979.108,12802.38,3726.86,387.89
2021-01-06,2178.63,2057.92,12623.35,3748.14,384.97
2021-01-07,2192.83,2096.885,12939.57,3803.79,385.5
2021-01-08,2215.12,2091.659,13105.2,3824.68,382.72
2021-01-11,2187.97,2091.008,12902.49,3799.61,382.12
2021-01-12,2192.66,2127.959,12892.09,3801.19,381.88
2021-01-13,2197.45,2111.966,12973.63,3809.84,383.36
2021-01-14,2209.37,2155.349,12898.69,3795.54,382.44
2021-01-15,2184.94,2123.201,12803.93,3768.25,382.07
2021-01-18,2181.22,,,,
2021-01-19,2192.04,2151.137,12996.54,3798.91,383.19
2021-01-20,2199.23,2160.617,13296.45,3851.85,385.12
2021-01-21,2209.99,2141.421,13404.99,3853.07,384.91
2021-01-22,2199.96,2168.758,13366.4,3841.47,384.8
2021-01-25,2187.21,2163.272,13483.29,3855.36,385.98
2021-01-26,2194.71,2149.856,13490.19,3849.62,385.74
2021-01-27,2170.28,2108.696,13112.65,3750.77,384.02
2021-01-28,2159.65,2106.609,13201.53,3787.38,383.77
2021-01-29,2124.05,2073.641,12925.38,3714.24,382.11
2021-02-01,2139.28,2126.163,13248.9,3773.86,384.1
2021-02-02,2156.27,2151.44,13456.12,3826.31,383.37
2021-02-03,2168.22,2159.703,13402.37,3830.17,383.11
2021-02-04,2165.73,2202.418,13560.89,3871.74,382.42
2021-02-05,2182.17,2233.327,13603.96,3886.83,383.09
2021-02-08,2202.48,2289.756,13695.02,3915.59,384.27
2021-02-09,2211.03,2298.998,13687.08,3911.23,384.41
2021-02-10,2215.36,2282.441,13655.27,3909.88,385.16
2021-02-11,2221.46,2285.317,13734.35,3916.38,384.59
2021-02-12,2227.7,2289.357,13807.7,3934.83,383.85
2021-02-15,2254.64,,,,
2021-02-16,2256.88,2272.891,13773.77,3932.59,380.63
2021-02-17,2233.61,2256.106,13699.71,3931.33,379.64
2021-02-18,2222.06,2218.385,13637.51,3913.97,379.69
2021-02-19,2232.56,2266.689,13580.78,3906.71,378.56
2021-02-22,2233.75,2251.072,13223.74,3876.5,378.7
2021-02-23,2234.31,2231.314,13194.71,3881.37,378.95
2021-02-24,2217.81,2284.381,13302.19,3925.43,378.87
2021-02-25,2233.61,2200.172,12828.31,3829.34,372.11
2021-02-26,2168.87,2201.051,12909.44,3811.15,370.56
2021-03-01,2198.61,2275.321,13282.95,3901.82,372.28
2021-03-02,2199.25,2231.509,13059.95,3870.29,372.64
2021-03-03,2205.37,2207.793,12683.33,3819.72,370.87
2021-03-04,2185.44,2146.924,12464.0,3768.47,368.9
2021-03-05,2155.51,2192.212,12668.51,3841.94,369.7
2021-03-08,2172.79,2202.985,12299.08,3821.35,368.36
2021-03-09,2195.33,2245.059,12794.49,3875.44,370.53
2021-03-10,2202.8,2285.683,12752.07,3898.81,371.23
2021-03-11,2220.46,2338.542,13052.9,3939.34,371.78
2021-03-12,2219.3,2352.789,12937.29,3943.34,370.72
2021-03-15,2220.87,2360.168,13082.54,3968.94,371.45
2021-03-16,2235.29,2319.518,13152.28,3962.71,371.42
2021-03-17,2229.17,2336.392,13202.38,3974.12,371.63
2021-03-18,2246.82,2267.586,12789.14,3915.46,369.98
2021-03-19,2231.43,2287.545,12866.99,3913.1,370.13
2021-03-22,2231.46,2266.843,13086.51,3940.59,370.8
2021-03-23,2215.17,2185.687,13017.79,3910.52,370.56
2021-03-24,2195.79,2134.266,12798.88,3889.14,370.75
2021-03-25,2194.08,2183.121,12780.51,3909.52,370.85
2021-03-26,2217.82,2221.482,12979.12,3974.54,371.43
2021-03-29,2218.44,2158.682,12965.74,3971.09,370.17
2021-03-30,2216.07,2195.796,12896.53,3958.55,368.82
2021-03-31,2208.32,2220.519,13091.44,3972.89,369.61
2021-04-01,2219.15,2253.903,13329.51,4019.87,371.37
2021-04-02,2223.56,,,,
2021-04-05,2236.36,2264.886,13598.16,4077.91,371.74
2021-04-06,2244.53,2259.153,13578.46,4073.94,372.96
2021-04-07,2252.4,2223.051,13616.7,4079.95,373.21
2021-04-08,2262.69,2242.596,13758.5,4097.17,374.23
2021-04-09,2262.48,2243.474,13845.05,4128.8,373.85
2021-04-12,2255.67,2233.784,13819.35,4127.99,373.3
2021-04-13,2261.73,2228.923,13986.49,4141.59,374.67
2021-04-14,2272.89,2247.717,13803.91,4124.66,373.82
2021-04-15,2285.01,2257.068,14026.19,4170.42,376.6
2021-04-16,2299.28,2262.67,14041.91,4185.47,376.81
2021-04-19,2307.07,2232.001,13907.67,4163.26,376.04
2021-04-20,2271.94,2188.211,13809.3,4134.94,376.34
2021-04-21,2267.0,2239.627,13935.15,4173.42,377.29
2021-04-22,2288.56,2232.614,13762.36,4134.98,376.42
2021-04-23,2287.85,2271.856,13941.44,4180.17,376.79
2021-04-26,2298.29,2298.007,14026.16,4187.62,376.88
2021-04-27,2289.83,2301.267,13960.28,4186.72,376.29
2021-04-28,2291.91,2304.158,13901.62,4183.18,376.17
2021-04-29,2291.95,2295.456,13970.21,4211.47,376.24
2021-04-30,2268.51,2266.449,13860.76,4181.17,375.85
2021-05-03,2282.89,2277.451,13799.72,4192.66,377.33
2021-05-04,2256.29,2248.286,13544.67,4164.66,376.51
2021-05-05,2280.89,2241.366,13503.37,4167.59,377.04
2021-05-06,2295.82,2241.421,13613.73,4201.62,378.86
2021-05-07,2324.42,2271.629,13719.63,4232.6,380.02
2021-05-10,2336.23,2212.696,13359.08,4188.43,379.29
2021-05-11,2289.83,2206.987,13351.27,4152.1,378.39
2021-05-12,2269.53,2135.139,13001.63,4063.04,375.63
2021-05-13,2254.22,2170.95,13109.15,4112.5,376.95
2021-05-14,2292.17,2224.63,13393.12,4173.85,378.63
2021-05-17,2293.54,2227.119,13312.91,4163.29,379.33
2021-05-18,2317.75,2210.877,13217.68,4127.83,378.96
2021-05-19,2287.88,2193.642,13237.91,4115.68,378.59
2021-05-20,2307.53,2207.76,13494.09,4159.12,380.01
2021-05-21,2314.63,2215.268,13411.74,4155.86,379.73
2021-05-24,2324.15,2227.338,13641.75,4197.05,380.89
2021-05-25,2331.53,2205.75,13657.73,4188.13,381.81
2021-05-26,2328.81,2249.274,13702.74,4195.99,381.95
2021-05-27,2325.27,2273.073,13657.85,4200.88,381.41
2021-05-28,2341.39,2268.972,13686.51,4204.11,381.97
2021-05-31,2334.0,,,,
2021-06-01,2349.35,2294.742,13654.59,4202.04,381.67
2021-06-02,2353.78,2297.834,13675.79,4208.12,382.19
2021-06-03,2343.63,2279.248,13529.68,4192.85,380.08
2021-06-04,2357.79,2286.412,13770.77,4229.89,382.44
2021-06-07,2366.7,2319.177,13802.89,4226.52,382.44
2021-06-08,2367.28,2343.758,13810.86,4227.26,382.9
2021-06-09,2364.86,2327.128,13814.94,4219.55,383.36
2021-06-10,2365.09,2311.409,13960.35,4239.18,384.0
2021-06-11,2365.55,2335.808,13998.3,4247.44,383.41
2021-06-14,2371.73,2326.145,14128.2,4255.15,382.5
2021-06-15,2379.37,2320.072,14030.41,4246.59,382.07
2021-06-16,2382.76,2314.691,13983.01,4223.7,380.47
2021-06-17,2350.34,2287.46,14163.81,4221.86,377.9
2021-06-18,2308.52,2237.745,14049.58,4166.45,377.24
2021-06-21,2309.4,2286.093,14137.23,4224.79,378.52
2021-06-22,2327.96,2295.948,14270.42,4246.44,379.04
2021-06-23,2321.77,2303.469,14274.24,4241.84,378.82
2021-06-24,2330.95,2333.622,14365.96,4266.49,379.03
2021-06-25,2342.43,2334.396,14345.18,4280.7,378.73
2021-06-28,2330.03,2322.336,14524.98,4290.61,379.78
2021-06-29,2326.31,2308.837,14572.75,4291.8,379.28
2021-06-30,2304.92,2310.549,14554.8,4297.5,380.09
2021-07-01,2309.27,2329.359,14560.05,4319.94,380.22
2021-07-02,2315.5,2305.762,14727.63,4352.34,381.85
2021-07-05,2324.13,,,,
2021-07-06,2314.01,2274.502,14786.36,4343.54,383.13
2021-07-07,2317.99,2252.847,14810.54,4358.13,384.3
2021-07-08,2297.41,2231.677,14722.14,4320.82,384.18
2021-07-09,2313.37,2280.005,14826.09,4369.55,384.61
2021-07-12,2337.26,2281.825,14877.89,4384.63,384.71
2021-07-13,2335.99,2238.864,14874.54,4369.21,383.76
2021-07-14,2333.75,2202.358,14900.44,4374.3,385.31
2021-07-15,2311.97,2190.293,14794.69,4360.03,385.83
2021-07-16,2302.81,2163.238,14681.38,4327.16,384.63
2021-07-19,2260.6,2130.68,14549.09,4258.49,384.69
2021-07-20,2253.68,2194.298,14728.21,4323.06,386.07
2021-07-21,2285.45,2234.042,14842.63,4358.69,385.48
2021-07-22,2298.19,2199.475,14940.17,4367.48,385.99
2021-07-23,2307.08,2209.649,15111.79,4411.79,386.52
2021-07-26,2317.82,2216.921,15125.95,4422.3,386.74
2021-07-27,2315.76,2191.833,14956.97,4401.46,386.86
2021-07-28,2314.15,2224.957,15018.1,4400.64,386.48
2021-07-29,2341.81,2240.029,15048.36,4419.15,388.16
2021-07-30,2321.09,2226.246,14959.9,4395.26,387.31
2021-08-02,2349.47,2215.495,14963.62,4387.16,388.44
2021-08-03,2348.61,2223.581,15061.42,4423.15,388.85
2021-08-04,2351.45,2196.322,15083.39,4402.66,388.1
2021-08-05,2358.52,2236.007,15181.64,4429.1,387.76
2021-08-06,2344.82,2247.761,15109.36,4436.52,384.86
2021-08-09,2345.78,2234.808,15133.11,4432.35,382.62
2021-08-10,2348.43,2239.363,15053.58,4436.75,382.48
2021-08-11,2363.75,2250.343,15027.76,4447.7,383.61
2021-08-12,2362.81,2244.073,15088.98,4460.83,383.61
2021-08-13,2379.0,2223.108,15136.68,4468.0,385.79
2021-08-16,2362.76,2203.415,15140.77,4479.71,387.26
2021-08-17,2346.45,2177.173,15002.83,4448.08,386.37
2021-08-18,2347.38,2158.78,14857.92,4400.27,384.96
2021-08-19,2309.06,2132.42,14933.94,4405.8,385.41
2021-08-20,2307.19,2167.6,15092.57,4441.67,385.82
2021-08-23,2338.26,2208.295,15312.82,4479.53,387.69
2021-08-24,2348.44,2230.906,15357.68,4486.23,387.44
2021-08-25,2345.77,2239.269,15368.92,4496.19,386.28
2021-08-26,2339.25,2213.979,15278.52,4470.0,385.82
2021-08-27,2349.46,2277.151,15432.95,4509.37,388.23
2021-08-30,2358.28,2265.99,15605.09,4528.79,388.83
2021-08-31,2356.42,2273.774,15582.51,4522.68,388.78
2021-09-01,2377.68,2287.059,15611.57,4524.09,388.73
2021-09-02,2384.89,2304.017,15604.25,4536.95,389.01
2021-09-03,2389.45,2292.048,15652.86,4535.43,389.54
2021-09-06,2404.8,,,,
2021-09-07,2398.71,2275.611,15675.76,4520.03,387.02
2021-09-08,2380.38,2249.726,15620.85,4514.07,387.24
2021-09-09,2374.46,2249.129,15561.05,4493.28,387.54
2021-09-10,2381.44,2227.546,15440.75,4458.58,385.75
2021-09-13,2383.13,2240.784,15434.5,4468.73,386.37
2021-09-14,2390.26,2209.985,15382.9,4443.05,386.94
2021-09-15,2372.26,2234.448,15503.53,4480.7,386.88
2021-09-16,2366.06,2232.911,15515.91,4473.75,384.64
2021-09-17,2348.46,2236.871,15333.47,4432.99,382.84
2021-09-20,2318.03,2182.202,15012.19,4357.73,382.6
2021-09-21,2327.26,2186.183,15027.77,4354.19,382.88
2021-09-22,2336.57,2218.561,15176.51,4395.64,383.36
2021-09-23,2353.16,2259.041,15316.58,4448.98,382.1
2021-09-24,2341.69,2248.07,15329.68,4455.48,381.53
2021-09-27,2338.2,2281.003,15204.83,4443.11,380.81
2021-09-28,2296.01,2229.778,14770.3,4352.63,377.58
2021-09-29,2281.47,2225.308,14752.89,4359.46,377.14
2021-09-30,2281.29,2204.372,14689.62,4307.54,377.77
2021-10-01,2263.9,2241.632,14791.87,4357.04,379.87
2021-10-04,2260.0,2217.47,14472.12,4300.46,378.95
2021-10-05,2262.25,2228.358,14674.15,4345.72,378.86
2021-10-06,2238.73,2214.958,14766.75,4363.55,379.17
2021-10-07,2266.37,2250.094,14897.13,4399.76,379.06
2021-10-08,2269.79,2233.089,14820.75,4391.34,378.31
2021-10-11,2275.18,2220.641,14713.73,4361.19,377.05
2021-10-12,2265.29,2234.271,14662.11,4350.65,377.64
2021-10-13,2277.54,2241.968,14774.6,4363.8,379.52
2021-10-14,2300.97,2274.177,15052.42,4438.26,381.67
2021-10-15,2324.5,2265.654,15146.92,4471.37,379.98
2021-10-18,2314.39,2267.843,15300.89,4486.46,379.71
2021-10-19,2329.6,2275.914,15410.72,4519.63,380.04
2021-10-20,2337.42,2289.765,15388.71,4536.19,381.03
2021-10-21,2329.83,2296.185,15489.59,4549.78,380.19
2021-10-22,2338.59,2291.266,15355.07,4544.9,381.01
2021-10-25,2334.34,2312.64,15514.19,4566.48,382.28
2021-10-26,2346.96,2296.075,15559.49,4574.79,382.0
2021-10-27,2342.5,2252.491,15598.39,4551.68,383.0
2021-10-28,2354.51,2297.979,15778.16,4596.42,383.07
2021-10-29,2335.53,2297.191,15850.47,4605.38,382.38
2021-11-01,2361.85,2358.121,15905.28,4613.67,382.95
2021-11-02,2358.1,2361.855,15972.49,4630.65,383.68
2021-11-03,2363.79,2404.284,16144.5,4660.57,382.72
2021-11-04,2372.46,2402.432,16346.24,4680.06,385.63
2021-11-05,2373.27,2437.083,16359.38,4697.53,388.16
2021-11-08,2377.93,2442.742,16336.03,4701.7,387.57
2021-11-09,2369.8,2427.292,16219.94,4685.25,388.43
2021-11-10,2356.2,2389.582,15985.57,4646.71,386.23
2021-11-11,2354.64,2409.144,16032.47,4649.27,386.1
2021-11-12,2364.2,2411.776,16199.88,4682.85,387.3
2021-11-15,2371.2,2400.934,16189.12,4682.8,386.83
2021-11-16,2360.69,2405.024,16309.77,4700.9,386.49
2021-11-17,2351.77,2377.008,16308.07,4688.67,387.42
2021-11-18,2350.3,2363.589,16482.97,4704.54,387.63
2021-11-19,2344.93,2343.161,16573.34,4697.96,387.63
2021-11-22,2328.02,2331.348,16380.98,4682.94,383.78
2021-11-23,2311.09,2327.855,16306.72,4690.7,382.56
2021-11-24,2295.64,2331.459,16367.81,4701.46,382.86
2021-11-25,2305.54,,,,
2021-11-26,2256.95,2245.935,16025.58,4594.62,382.93
2021-11-29,2247.11,2241.976,16399.24,4655.27,383.87
2021-11-30,2223.7,2198.908,16135.92,4567.0,382.57
2021-12-01,2265.13,2147.42,15877.72,4513.04,382.0
2021-12-02,2242.99,2206.333,15990.76,4577.1,381.78
2021-12-03,2235.12,2159.31,15712.04,4538.43,383.41
2021-12-06,2250.3,2203.479,15846.16,4591.67,382.88
2021-12-07,2296.54,2253.788,16325.66,4686.75,384.36
2021-12-08,2305.97,2271.706,16394.34,4701.21,384.47
2021-12-09,2296.3,2220.205,16149.57,4667.45,383.78
2021-12-10,2289.62,2211.806,16331.98,4712.02,384.99
2021-12-13,2278.29,2180.495,16082.55,4668.97,385.14
2021-12-14,2262.63,2159.65,15914.9,4634.09,383.41
2021-12-15,2265.21,2195.209,16289.59,4709.85,384.08
2021-12-16,2300.38,2152.455,15863.94,4668.67,386.09
2021-12-17,2278.88,2173.931,15801.46,4620.64,385.74
2021-12-20,2247.76,2139.875,15627.64,4568.02,384.31
2021-12-21,2273.25,2202.947,15986.28,4649.23,384.44
2021-12-22,2295.67,2221.903,16180.14,4696.56,386.19
2021-12-23,2314.75,2241.576,16308.21,4725.79,386.81
2021-12-24,2316.1,,,,
2021-12-27,2319.64,2261.459,16567.5,4791.19,387.75
2021-12-28,2334.17,2246.505,16488.66,4786.35,387.86
2021-12-29,2338.07,2249.244,16491.01,4793.06,387.01
2021-12-30,2334.61,2248.793,16429.1,4778.73,387.55
2021-12-31,2336.07,2245.313,16320.08,4766.18,388.19
2022-01-03,2330.44,2272.557,16501.77,4796.56,385.35
2022-01-04,2357.72,2268.874,16279.73,4793.54,385.76
2022-01-05,2365.59,2193.999,15771.78,4700.58,384.0
2022-01-06,2323.2,2206.372,15765.36,4696.05,381.66
2022-01-07,2328.99,2179.81,15592.19,4677.03,381.37
2022-01-10,2305.94,2171.15,15614.43,4670.29,381.07
2022-01-11,2316.74,2194.003,15844.12,4713.07,383.02
2022-01-12,2352.69,2176.057,15905.1,4726.35,383.95
2022-01-13,2359.59,2159.437,15495.62,4659.03,382.91
2022-01-14,2333.0,2162.456,15611.59,4662.85,381.87
2022-01-17,2337.99,,,,
2022-01-18,2313.35,2096.225,15210.76,4577.11,378.98
2022-01-19,2301.0,2062.783,15047.84,4532.76,380.11
2022-01-20,2318.85,2024.037,14846.46,4482.73,379.44
2022-01-21,2284.35,1987.918,14438.4,4397.94,378.72
2022-01-24,2218.6,2033.511,14509.58,4410.13,379.61
2022-01-25,2211.51,2004.033,14149.12,4356.45,378.67
2022-01-26,2234.47,1976.464,14172.76,4349.93,376.67
2022-01-27,2203.51,1931.288,14003.11,4326.51,374.98
2022-01-28,2201.56,1968.508,14454.61,4431.85,376.61
2022-01-31,2222.45,2028.453,14930.05,4515.55,378.2
2022-02-01,2250.43,2050.74,15019.68,4546.54,378.66
2022-02-02,2276.83,2029.516,15139.74,4589.38,379.89
2022-02-03,2261.69,1991.031,14501.11,4477.44,377.5
2022-02-04,2247.73,2002.359,14694.35,4500.53,376.6
2022-02-07,2260.0,2012.599,14571.25,4483.87,377.13
2022-02-08,2258.79,2045.374,14747.03,4521.54,377.34
2022-02-09,2294.96,2083.499,15056.96,4587.18,378.7
2022-02-10,2298.54,2051.162,14705.64,4504.08,376.32
2022-02-11,2279.33,2030.146,14253.84,4418.64,376.38
2022-02-14,2230.46,2020.787,14268.59,4401.67,376.69
2022-02-15,2251.45,2076.462,14620.82,4471.07,376.63
2022-02-16,2266.3,2079.311,14603.64,4475.01,377.39
2022-02-17,2256.56,2028.092,14171.74,4380.26,378.4
2022-02-18,2235.92,2009.333,14009.54,4348.87,378.3
2022-02-21,2215.9,,,,
2022-02-22,2204.38,1980.173,13870.53,4304.76,377.73
2022-02-23,2200.46,1944.092,13509.43,4225.5,376.52
2022-02-24,2108.09,1996.007,13974.67,4288.7,378.35
2022-02-25,2177.75,2040.929,14189.16,4384.65,377.59
2022-02-28,2179.1,2048.089,14237.81,4373.94,380.02
2022-03-01,2139.38,2008.506,14005.99,4306.26,383.1
2022-03-02,2127.71,2058.871,14243.69,4386.54,381.2
2022-03-03,2107.87,2032.41,14035.21,4363.49,381.71
2022-03-04,2035.47,2000.9,13837.83,4328.87,383.59
2022-03-07,1996.31,1951.329,13319.38,4201.09,382.56
2022-03-08,1977.61,1963.011,13267.61,4170.7,382.68
2022-03-09,2057.53,2016.291,13742.2,4277.88,381.44
2022-03-10,2053.78,2011.673,13591.0,4259.52,380.98
2022-03-11,2043.94,1979.668,13301.83,4204.31,379.7
2022-03-14,2058.05,1941.719,13046.64,4173.11,377.03
2022-03-15,2052.62,1968.969,13458.56,4262.45,376.97
2022-03-16,2107.99,2030.72,13956.79,4357.86,376.98
2022-03-17,2149.68,2065.019,14118.6,4411.67,378.8
2022-03-18,2156.76,2086.143,14420.08,4463.12,379.33
2022-03-21,2157.62,2065.936,14376.09,4461.18,377.56
2022-03-22,2170.43,2088.343,14654.33,4511.61,377.32
2022-03-23,2166.71,2052.206,14447.55,4456.24,377.66
2022-03-24,2162.5,2075.443,14765.69,4520.16,378.97
2022-03-25,2159.53,2077.983,14754.31,4543.06,377.28
2022-03-28,2150.98,2078.06,14987.4,4575.52,377.35
2022-03-29,2202.26,2133.096,15239.32,4631.6,377.85
2022-03-30,2204.09,2091.07,15071.55,4602.45,378.59
2022-03-31,2181.63,2070.125,14838.49,4530.41,378.54
2022-04-01,2171.15,2091.11,14861.21,4545.86,376.86
2022-04-04,2182.74,2095.44,15159.58,4582.64,377.53
2022-04-05,2176.49,2046.043,14820.64,4525.12,375.09
2022-04-06,2141.33,2016.937,14498.88,4481.15,374.06
2022-04-07,2126.57,2009.799,14531.81,4500.21,374.62
2022-04-08,2139.56,1994.562,14327.26,4488.28,374.25
2022-04-11,2126.86,1980.324,13990.21,4412.53,372.93
2022-04-12,2113.28,1986.937,13940.24,4397.45,374.65
2022-04-13,2113.9,2025.102,14217.29,4446.59,375.95
2022-04-14,2118.51,2004.98,13893.21,4392.59,373.92
2022-04-15,2115.99,,,,
2022-04-18,2107.2,1990.134,13910.76,4391.69,373.94
2022-04-19,2094.8,2030.765,14210.26,4462.21,373.32
2022-04-20,2127.03,2038.185,13998.53,4459.45,373.62
2022-04-21,2126.64,1991.462,13720.45,4393.66,371.68
2022-04-22,2081.96,1940.665,13356.87,4271.78,369.85
2022-04-25,2039.91,1954.203,13533.22,4296.12,369.62
2022-04-26,2019.97,1890.475,13009.71,4175.2,369.01
2022-04-27,2002.9,1884.038,13003.36,4183.96,368.32
2022-04-28,2012.6,1917.944,13456.06,4287.5,369.13
2022-04-29,2033.7,1864.103,12854.8,4131.93,367.76
2022-05-02,2006.33,1882.913,13075.85,4155.38,365.28
2022-05-03,2016.51,1898.857,13089.9,4175.48,365.99
2022-05-04,2004.93,1949.923,13535.71,4300.17,367.99
2022-05-05,1993.23,1871.148,12850.55,4146.87,365.31
2022-05-06,1972.82,1839.565,12693.54,4123.34,365.01
2022-05-09,1914.94,1762.08,12187.72,3991.24,363.53
2022-05-10,1918.87,1761.789,12345.86,4001.05,363.7
2022-05-11,1938.43,1718.144,11967.56,3935.18,364.02
2022-05-12,1909.42,1739.382,11945.5,3930.08,363.84
2022-05-13,1942.38,1792.666,12387.4,4023.89,363.28
2022-05-16,1946.43,1783.427,12243.58,4008.01,363.87
2022-05-17,1981.59,1840.298,12564.1,4088.85,363.93
2022-05-18,1973.11,1774.846,11928.31,3923.68,362.84
2022-05-19,1958.61,1776.223,11875.63,3900.79,363.87
2022-05-20,1969.24,1773.266,11835.62,3901.36,364.4
2022-05-23,2004.71,1792.762,12034.28,3973.75,364.7
2022-05-24,1995.71,1764.826,11769.84,3941.48,366.01
2022-05-25,1996.36,1799.164,11943.93,3978.73,365.94
2022-05-26,2010.46,1838.238,12276.79,4057.84,366.83
2022-05-27,2035.83,1887.896,12681.42,4158.24,367.93
2022-05-30,2063.2,,,,
2022-05-31,2037.87,1864.043,12642.1,4132.15,366.44
2022-06-01,2021.94,1854.824,12548.36,4101.23,365.1
2022-06-02,2032.45,1897.674,12892.89,4176.82,367.06
2022-06-03,2029.06,1883.053,12548.03,4108.54,365.14
2022-06-06,2040.1,1889.885,12599.63,4121.43,364.26
2022-06-07,2029.95,1919.563,12711.68,4160.68,365.51
2022-06-08,2026.78,1891.007,12615.13,4115.77,364.86
2022-06-09,1992.38,1850.856,12269.78,4017.82,363.62
2022-06-10,1934.2,1800.284,11832.82,3900.86,362.04
2022-06-13,1877.83,1714.595,11288.32,3749.63,357.1
2022-06-14,1847.36,1707.829,11311.69,3735.48,355.28
2022-06-15,1858.63,1731.139,11593.77,3789.99,356.42
2022-06-16,1847.03,1649.836,11127.57,3666.77,356.87
2022-06-17,1823.08,1665.694,11265.99,3674.84,356.96
2022-06-20,1842.38,,,,356.96
2022-06-21,1858.12,1694.031,11546.76,3764.79,357.26
2022-06-22,1850.69,1690.277,11527.71,3759.89,358.15
2022-06-23,1837.39,1711.673,11697.68,3795.73,358.76
2022-06-24,1874.19,1765.737,12105.85,3911.74,359.4
2022-06-27,1896.13,1771.742,12008.24,3900.11,358.7
2022-06-28,1892.35,1738.841,11637.77,3821.55,357.89
2022-06-29,1873.48,1719.37,11658.26,3818.83,358.46
2022-06-30,1846.28,1707.99,11503.72,3785.38,358.75
2022-07-01,1832.34,1727.757,11585.68,3825.33,359.52
2022-07-04,1850.29,,,,
2022-07-05,1805.62,1741.33,11779.9,3831.39,358.78
2022-07-06,1813.0,1727.547,11852.59,3845.08,357.08
2022-07-07,1840.83,1769.604,12109.05,3902.62,357.01
2022-07-08,1849.48,1769.365,12125.69,3899.38,356.5
2022-07-11,1829.19,1732.008,11860.28,3854.43,356.39
2022-07-12,1827.58,1728.182,11744.99,3818.8,356.05
2022-07-13,1823.1,1726.036,11728.53,3801.78,356.54
2022-07-14,1784.89,1707.505,11768.4,3790.38,354.88
2022-07-15,1817.05,1744.373,11983.62,3863.16,355.62
2022-07-18,1847.23,1738.417,11877.5,3830.85,355.36
2022-07-19,1872.94,1799.324,12249.42,3936.69,355.93
2022-07-20,1878.23,1827.948,12439.68,3959.9,355.57
2022-07-21,1881.36,1836.693,12619.41,3998.95,357.61
2022-07-22,1897.38,1806.881,12396.47,3961.63,358.81
2022-07-25,1892.5,1817.773,12328.41,3966.84,358.31
2022-07-26,1884.17,1805.246,12086.9,3921.05,358.0
2022-07-27,1886.87,1848.339,12601.47,4023.61,359.62
2022-07-28,1915.34,1873.027,12717.87,4072.43,361.95
2022-07-29,1937.26,1885.23,12947.97,4130.29,363.15
2022-08-01,1957.62,1883.313,12940.78,4118.63,363.45
2022-08-02,1934.68,1882.449,12901.6,4091.19,362.15
2022-08-03,1923.94,1908.925,13253.26,4155.17,362.22
2022-08-04,1941.71,1906.456,13311.04,4151.94,363.93
2022-08-05,1924.07,1921.824,13207.69,4145.19,361.99
2022-08-08,1944.19,1941.206,13159.16,4140.06,362.89
2022-08-09,1932.0,1912.891,13008.17,4122.47,362.66
2022-08-10,1968.54,1969.249,13378.32,4210.24,363.76
2022-08-11,1970.07,1975.257,13291.99,4207.27,362.93
2022-08-12,1963.88,2016.616,13565.87,4280.15,364.07
2022-08-15,1966.73,2021.346,13667.18,4297.14,363.97
2022-08-16,1961.45,2020.529,13635.21,4305.2,363.44
2022-08-17,1948.84,1987.314,13470.86,4274.04,362.08
2022-08-18,1946.51,2000.729,13505.99,4283.74,362.04
2022-08-19,1919.5,1957.346,13242.9,4228.48,360.51
2022-08-22,1897.04,1915.743,12890.54,4137.99,358.69
2022-08-23,1890.95,1919.143,12881.79,4128.73,359.01
2022-08-24,1889.69,1935.286,12917.86,4140.77,358.79
2022-08-25,1898.45,1964.636,13143.58,4199.12,360.22
2022-08-26,1882.33,1899.83,12605.17,4057.66,357.82
2022-08-29,1850.12,1882.941,12484.32,4030.61,357.03
2022-08-30,1847.99,1855.594,12342.7,3986.16,356.14
2022-08-31,1840.5,1844.115,12272.03,3955.0,355.34
2022-09-01,1790.17,1822.818,12274.63,3966.85,353.99
2022-09-02,1823.46,1809.748,12098.44,3924.26,354.73
2022-09-05,1802.23,,,,
2022-09-06,1793.63,1792.323,12011.31,3908.19,353.26
2022-09-07,1780.96,1832.003,12259.39,3979.87,355.03
2022-09-08,1800.52,1846.906,12321.19,4006.18,354.82
2022-09-09,1838.8,1882.848,12588.29,4067.36,355.47
2022-09-12,1876.43,1906.086,12739.72,4110.41,356.18
2022-09-13,1838.44,1831.575,12033.62,3932.69,353.13
2022-09-14,1816.43,1838.464,12134.4,3946.01,352.96
2022-09-15,1806.03,1825.234,11927.49,3901.35,351.19
2022-09-16,1788.6,1798.189,11861.38,3873.33,351.4
2022-09-19,1783.86,1812.843,11953.27,3899.89,351.11
2022-09-20,1772.27,1787.504,11851.54,3855.93,350.11
2022-09-21,1757.96,1762.158,11637.79,3789.93,350.06
2022-09-22,1734.01,1722.31,11501.65,3757.99,348.71
2022-09-23,1688.02,1679.59,11311.24,3693.23,347.17
2022-09-26,1659.81,1655.882,11254.11,3655.04,345.0
2022-09-27,1656.28,1662.509,11271.75,3647.29,344.64
2022-09-28,1654.25,1715.243,11493.83,3719.04,347.74
2022-09-29,1655.31,1674.931,11164.78,3640.47,346.74
2022-09-30,1661.48,1664.716,10971.22,3585.62,346.19
2022-10-03,1676.54,1708.87,11229.73,3678.43,348.39
2022-10-04,1743.61,1775.766,11582.54,3790.93,350.21
2022-10-05,1725.97,1762.694,11573.18,3783.28,349.37
2022-10-06,1718.36,1752.513,11485.5,3744.52,348.79
2022-10-07,1693.58,1702.15,11039.47,3639.66,347.56
2022-10-10,1672.13,1691.919,10926.97,3612.39,346.24
2022-10-11,1657.83,1692.916,10791.35,3588.84,346.43
2022-10-12,1647.94,1687.764,10785.62,3577.03,346.34
2022-10-13,1651.54,1728.412,11033.58,3669.91,346.7
2022-10-14,1670.64,1682.403,10692.06,3583.07,345.1
2022-10-17,1691.04,1735.753,11062.53,3677.95,346.27
2022-10-18,1705.43,1755.956,11147.74,3719.98,346.47
2022-10-19,1691.44,1725.756,11103.38,3695.16,345.17
2022-10-20,1698.33,1704.391,11046.71,3665.78,344.61
2022-10-21,1679.68,1742.238,11310.33,3752.75,346.0
2022-10-24,1708.21,1748.397,11430.26,3797.34,346.2
2022-10-25,1742.08,1796.155,11669.99,3859.11,347.26
2022-10-26,1768.18,1804.331,11405.9,3830.6,347.72
2022-10-27,1761.76,1806.322,11191.63,3807.3,347.86
2022-10-28,1748.92,1846.921,11546.21,3901.06,347.48
2022-10-31,1750.0,1846.863,11405.57,3871.98,346.86
2022-11-01,1763.05,1851.388,11288.95,3856.1,347.0
2022-11-02,1763.87,1789.137,10906.34,3759.69,346.33
2022-11-03,1730.74,1779.73,10690.6,3719.89,344.98
2022-11-04,1770.32,1799.866,10857.03,3770.55,346.84
2022-11-07,1795.05,1809.81,10977.0,3806.8,346.91
2022-11-08,1821.86,1808.929,11059.5,3828.11,348.53
2022-11-09,1807.96,1760.4,10797.55,3748.57,347.9
2022-11-10,1871.56,1867.927,11605.96,3956.37,352.27
2022-11-11,1918.41,1882.74,11817.01,3992.93,352.79
2022-11-14,1913.56,1861.251,11700.94,3957.25,352.64
2022-11-15,1931.3,1889.204,11871.15,3991.73,353.1
2022-11-16,1922.08,1853.165,11699.09,3958.79,353.28
2022-11-17,1901.59,1839.123,11676.86,3946.56,352.58
2022-11-18,1922.38,1849.732,11677.02,3965.34,352.29
2022-11-21,1897.49,1839.141,11553.45,3949.94,351.87
2022-11-22,1919.94,1860.441,11724.84,4003.58,352.4
2022-11-23,1946.22,1863.517,11838.72,4027.26,352.92
2022-11-24,1967.08,,,,
2022-11-25,1962.94,1869.191,11756.03,4026.12,353.17
2022-11-28,1949.01,1830.964,11587.75,3963.94,352.35
2022-11-29,1945.94,1836.551,11503.45,3957.63,352.34
2022-11-30,1944.03,1886.577,12030.06,4080.11,353.48
2022-12-01,1995.94,1881.678,12041.89,4076.57,355.76
2022-12-02,1983.24,1892.839,11994.26,4071.7,355.61
2022-12-05,1982.92,1840.222,11786.8,3998.84,353.89
2022-12-06,1970.04,1812.575,11549.69,3941.26,353.87
2022-12-07,1957.78,1806.901,11497.39,3933.92,354.72
2022-12-08,1961.62,1818.29,11637.5,3963.51,354.52
2022-12-09,1978.88,1796.661,11563.33,3934.38,354.27
2022-12-12,1964.12,1818.614,11706.44,3990.56,354.04
2022-12-13,2008.98,1832.362,11834.21,4019.65,355.79
2022-12-14,2013.56,1820.454,11740.92,3995.32,355.39
2022-12-15,1961.54,1774.606,11345.22,3895.75,354.03
2022-12-16,1936.53,1763.42,11243.72,3852.36,353.91
2022-12-19,1930.27,1738.581,11084.59,3817.66,353.07
2022-12-20,1940.43,1748.017,11072.42,3821.62,353.31
2022-12-21,1957.58,1776.941,11235.88,3878.44,353.79
2022-12-22,1946.48,1754.086,10956.14,3822.39,352.58
2022-12-23,1943.56,1760.932,10985.45,3844.82,352.62
2022-12-26,1944.32,,,,352.62
2022-12-27,1950.83,1749.516,10822.51,3829.25,352.33
2022-12-28,1943.3,1722.021,10679.34,3783.22,351.65
2022-12-29,1955.48,1766.25,10951.05,3849.28,352.68
2022-12-30,1943.93,1761.246,10939.76,3839.5,352.48
2023-01-02,1955.87,,,,
2023-01-03,1960.08,1750.734,10862.64,3824.14,353.13
2023-01-04,1981.4,1772.544,10914.8,3852.97,354.17
2023-01-05,1961.42,1753.193,10741.22,3808.1,353.16
2023-01-06,1995.78,1792.8,11040.35,3895.08,355.71
2023-01-09,2029.89,1795.911,11108.45,3892.09,356.24
2023-01-10,2018.61,1822.653,11205.78,3919.25,355.93
2023-01-11,2031.65,1844.051,11402.52,3969.61,356.77
2023-01-12,2062.07,1876.064,11459.61,3983.17,358.02
2023-01-13,2080.35,1887.034,11541.48,3999.09,358.35
2023-01-16,2080.43,,,,
2023-01-17,2088.59,1884.286,11557.19,3990.97,357.9
2023-01-18,2104.21,1854.365,11410.29,3928.86,358.27
2023-01-19,2070.0,1836.345,11295.67,3898.85,358.2
2023-01-20,2080.41,1867.336,11619.03,3972.61,358.54
2023-01-23,2095.61,1890.767,11872.54,4019.81,358.68
2023-01-24,2102.98,1885.611,11846.64,4016.95,359.12
2023-01-25,2107.22,1890.319,11814.69,4016.22,359.39
2023-01-26,2104.05,1903.064,12051.48,4060.43,359.22
2023-01-27,2109.29,1911.456,12166.6,4070.56,359.07
2023-01-30,2108.32,1885.72,11912.39,4017.77,358.08
2023-01-31,2100.44,1931.945,12101.93,4076.6,359.04
2023-02-01,2111.8,1960.814,12363.1,4119.21,360.25
2023-02-02,2133.83,2001.221,12803.14,4179.76,360.53
2023-02-03,2119.0,1985.534,12573.36,4136.48,357.48
2023-02-06,2083.92,1957.716,12464.51,4111.08,356.49
2023-02-07,2088.94,1972.609,12728.27,4164.0,356.9
2023-02-08,2096.57,1942.599,12495.38,4117.86,356.76
2023-02-09,2112.68,1915.339,12381.17,4081.5,355.77
2023-02-10,2085.32,1918.814,12304.92,4090.46,355.45
2023-02-13,2095.7,1941.143,12502.31,4137.29,355.66
2023-02-14,2100.78,1939.912,12590.89,4136.13,355.31
2023-02-15,2089.14,1960.969,12687.89,4147.6,354.59
2023-02-16,2096.08,1942.212,12442.48,4090.41,354.08
2023-02-17,2087.04,1946.356,12358.18,4079.09,354.02
2023-02-20,2095.21,,,,
2023-02-21,2087.31,1888.215,12060.3,3997.34,352.06
2023-02-22,2069.07,1894.675,12066.27,3991.05,352.09
2023-02-23,2061.45,1908.093,12180.14,4012.32,352.07
2023-02-24,2035.26,1890.485,11969.65,3970.04,350.83
2023-02-27,2056.9,1896.269,12057.79,3982.24,351.38
2023-02-28,2053.69,1896.991,12042.12,3970.15,351.67
2023-03-01,2055.22,1898.433,11938.57,3951.39,351.14
2023-03-02,2051.84,1902.659,12044.87,3981.35,350.83
2023-03-03,2070.64,1928.263,12290.81,4045.64,352.55
2023-03-06,2087.72,1899.757,12302.48,4048.42,352.46
2023-03-07,2062.45,1878.724,12152.17,3986.37,350.65
2023-03-08,2057.52,1879.478,12215.33,3992.01,350.63
2023-03-09,2062.92,1826.586,11995.88,3918.32,350.89
2023-03-10,2052.22,1772.702,11830.28,3861.59,352.88
2023-03-13,2024.38,1744.302,11923.17,3855.76,355.83
2023-03-14,2024.53,1776.893,12199.79,3919.29,355.7
2023-03-15,1970.37,1745.945,12251.32,3891.93,356.97
2023-03-16,1988.12,1771.237,12581.39,3960.28,356.77
2023-03-17,1986.73,1725.891,12519.88,3916.64,358.98
2023-03-20,2000.48,1744.99,12562.61,3951.57,359.08
2023-03-21,2022.26,1777.74,12741.44,4002.87,357.86
2023-03-22,2038.07,1727.358,12567.15,3936.97,358.05
2023-03-23,2052.04,1720.291,12729.23,3948.72,360.14
2023-03-24,2017.13,1734.923,12767.05,3970.99,360.2
2023-03-27,2031.36,1753.673,12673.07,3977.53,358.65
2023-03-28,2043.84,1752.632,12610.57,3971.27,358.79
2023-03-29,2061.91,1771.599,12846.03,4027.81,359.26
2023-03-30,2084.49,1768.383,12963.14,4050.83,359.94
2023-03-31,2092.6,1802.484,13181.35,4109.31,360.64
2023-04-03,2104.83,1802.312,13148.35,4124.51,361.62
2023-04-04,2116.77,1769.655,13100.07,4100.6,362.98
2023-04-05,2101.65,1752.134,12967.2,4090.38,363.05
2023-04-06,2100.33,1754.464,13062.6,4105.02,362.98
2023-04-07,2101.06,,,,
2023-04-10,2084.79,1772.443,13051.23,4109.11,361.56
2023-04-11,2109.4,1786.595,12964.16,4108.94,361.84
2023-04-12,2125.47,1773.698,12848.35,4091.95,362.03
2023-04-13,2144.77,1796.683,13109.39,4146.22,363.39
2023-04-14,2145.72,1781.154,13079.52,4137.64,361.69
2023-04-17,2132.84,1802.838,13087.71,4151.32,361.19
2023-04-18,2149.67,1795.55,13091.79,4154.87,361.66
2023-04-19,2144.98,1799.442,13088.71,4154.52,361.07
2023-04-20,2147.82,1789.697,12985.98,4129.79,361.45
2023-04-21,2146.26,1791.506,13000.77,4133.52,360.56
2023-04-24,2153.43,1788.874,12969.76,4137.04,361.21
2023-04-25,2142.02,1745.952,12725.11,4071.63,361.21
2023-04-26,2135.76,1730.411,12806.48,4055.99,360.5
2023-04-27,2133.38,1751.223,13160.03,4135.35,361.04
2023-04-28,2143.85,1768.987,13245.99,4169.48,361.98
2023-05-01,2139.19,1769.211,13231.47,4167.87,361.07
2023-05-02,2123.01,1732.11,13113.66,4119.58,362.3
2023-05-03,2139.6,1739.284,13030.21,4090.75,362.6
2023-05-04,2130.58,1718.811,12982.48,4061.22,363.31
2023-05-05,2144.63,1759.879,13259.13,4136.25,362.75
2023-05-08,2152.22,1754.47,13291.64,4138.12,362.5
2023-05-09,2143.4,1749.677,13201.11,4119.17,362.51
2023-05-10,2139.42,1759.512,13347.83,4137.64,363.32
2023-05-11,2130.19,1744.707,13389.78,4130.62,362.83
2023-05-12,2126.26,1740.849,13340.18,4124.08,362.1
2023-05-15,2133.53,1761.549,13413.51,4136.28,362.17
2023-05-16,2126.88,1736.182,13426.01,4109.9,360.44
2023-05-17,2115.11,1774.497,13589.26,4158.77,360.62
2023-05-18,2116.28,1784.856,13834.62,4198.05,359.78
2023-05-19,2131.59,1773.717,13803.49,4191.98,360.03
2023-05-22,2135.64,1795.383,13849.74,4192.63,359.77
2023-05-23,2119.61,1787.715,13672.54,4145.58,359.03
2023-05-24,2085.73,1767.0,13604.48,4115.24,357.96
2023-05-25,2069.41,1754.605,13938.53,4151.28,356.98
2023-05-26,2080.91,1773.022,14298.41,4205.45,357.68
2023-05-29,2086.02,,,,
2023-05-30,2075.85,1767.292,14354.99,4205.52,359.06
2023-05-31,2041.81,1749.65,14254.09,4179.83,359.3
2023-06-01,2070.06,1767.94,14441.51,4221.02,360.76
2023-06-02,2097.69,1830.906,14546.64,4282.37,359.9
2023-06-05,2100.54,1806.713,14556.5,4273.79,359.95
2023-06-06,2105.72,1855.401,14558.09,4283.85,360.24
2023-06-07,2098.07,1888.447,14303.29,4267.52,358.49
2023-06-08,2106.93,1880.779,14484.54,4293.93,360.27
2023-06-09,2110.46,1865.706,14528.36,4298.86,359.91
2023-06-12,2113.97,1873.214,14784.3,4338.93,360.25
2023-06-13,2136.4,1896.333,14900.85,4369.01,359.58
2023-06-14,2157.57,1874.098,15005.69,4372.59,360.25
2023-06-15,2161.5,1889.282,15185.48,4425.84,361.87
2023-06-16,2170.84,1875.467,15083.92,4409.59,361.14
2023-06-19,2152.71,,,,
2023-06-20,2140.81,1866.699,15070.15,4388.71,360.19
2023-06-21,2138.78,1863.015,14867.45,4365.69,359.7
2023-06-22,2127.43,1848.178,15042.32,4381.89,358.51
2023-06-23,2097.68,1821.635,14891.48,4348.33,358.56
2023-06-26,2098.31,1823.26,14689.02,4328.82,358.53
2023-06-27,2103.75,1849.93,14945.91,4378.41,358.52
2023-06-28,2113.77,1858.709,14964.57,4376.86,358.93
2023-06-29,2113.59,1881.591,14939.95,4396.44,357.73
2023-06-30,2131.72,1888.734,15179.21,4450.38,359.31
2023-07-03,2138.03,1896.781,15208.69,4455.59,358.99
2023-07-04,2136.2,,,,
2023-07-05,2120.88,1872.907,15203.78,4446.82,358.05
2023-07-06,2076.87,1842.233,15089.45,4411.59,356.04
2023-07-07,2087.72,1864.664,15036.85,4398.95,356.62
2023-07-10,2090.63,1895.252,15045.64,4409.53,357.24
2023-07-11,2107.58,1913.361,15119.06,4439.26,358.15
2023-07-12,2153.52,1933.376,15307.23,4472.16,360.91
2023-07-13,2185.31,1950.891,15571.98,4510.04,362.58
2023-07-14,2188.99,1931.09,15565.6,4505.42,361.99
2023-07-17,2175.3,1951.269,15713.28,4522.79,362.11
2023-07-18,2188.44,1976.067,15841.35,4554.98,363.63
2023-07-19,2187.35,1984.886,15826.35,4565.72,364.07
2023-07-20,2181.93,1967.16,15466.09,4534.87,362.25
2023-07-21,2176.58,1960.255,15425.67,4536.34,362.19
2023-07-24,2177.92,1965.678,15448.02,4554.64,362.12
2023-07-25,2183.41,1966.112,15561.42,4567.46,361.92
2023-07-26,2181.78,1980.355,15499.26,4566.75,362.74
2023-07-27,2192.76,1954.896,15464.93,4537.41,360.0
2023-07-28,2196.24,1981.537,15750.93,4582.23,361.76
2023-07-31,2199.36,2003.177,15757.0,4588.96,362.25
2023-08-01,2177.3,1994.167,15718.01,4576.73,360.44
2023-08-02,2137.21,1966.832,15370.74,4513.39,359.17
2023-08-03,2124.4,1961.403,15353.54,4501.89,358.23
2023-08-04,2143.22,1957.463,15274.92,4478.03,358.98
2023-08-07,2141.31,1958.935,15407.85,4518.44,359.37
2023-08-08,2127.86,1947.418,15273.05,4499.38,358.95
2023-08-09,2135.07,1930.767,15101.71,4467.71,358.06
2023-08-10,2153.95,1922.621,15128.84,4468.83,357.47
2023-08-11,2129.23,1925.114,15028.07,4464.05,356.61
2023-08-14,2111.49,1920.493,15205.59,4489.72,356.72
2023-08-15,2104.94,1895.755,15037.65,4437.86,355.23
2023-08-16,2087.29,1871.519,14876.47,4404.33,354.14
2023-08-17,2068.98,1850.058,14715.81,4370.36,352.74
2023-08-18,2057.64,1859.421,14694.84,4369.71,353.15
2023-08-21,2055.35,1856.014,14936.69,4399.77,353.3
2023-08-22,2067.56,1850.836,14908.96,4387.55,353.19
2023-08-23,2080.42,1870.032,15148.06,4436.01,355.84
2023-08-24,2073.74,1846.278,14816.44,4376.31,354.42
2023-08-25,2053.48,1853.628,14941.83,4405.71,354.46
2023-08-28,2079.13,1869.007,15052.46,4433.31,355.32
2023-08-29,2099.88,1895.538,15376.55,4497.63,357.77
2023-08-30,2117.4,1903.213,15462.43,4514.87,358.39
2023-08-31,2109.16,1899.676,15501.07,4507.66,358.21
2023-09-01,2104.02,1920.825,15490.86,4515.77,357.93
2023-09-04,2106.11,,,,
2023-09-05,2086.89,1880.45,15508.24,4496.83,356.42
2023-09-06,2081.65,1874.282,15371.44,4465.48,355.33
2023-09-07,2077.17,1855.759,15258.52,4451.14,355.34
2023-09-08,2074.02,1851.545,15280.23,4457.49,355.38
2023-09-11,2088.2,1855.142,15461.87,4487.46,355.84
2023-09-12,2083.17,1855.32,15289.74,4461.9,355.04
2023-09-13,2079.85,1840.84,15348.53,4467.44,355.15
2023-09-14,2099.61,1866.632,15473.89,4505.1,355.48
2023-09-15,2108.22,1847.033,15202.4,4450.32,354.92
2023-09-18,2093.63,1834.301,15225.37,4453.53,355.26
2023-09-19,2094.64,1826.527,15191.23,4443.95,354.66
2023-09-20,2105.79,1810.102,14969.92,4402.2,354.69
2023-09-21,2070.88,1781.826,14694.24,4330.0,351.32
2023-09-22,2064.71,1776.503,14701.1,4320.06,351.74
2023-09-25,2043.33,1784.24,14768.9,4337.44,351.06
2023-09-26,2031.73,1761.609,14545.83,4273.53,349.36
2023-09-27,2019.39,1778.903,14580.16,4274.51,347.58
2023-09-28,2024.37,1794.312,14702.77,4299.7,347.76
2023-09-29,2031.26,1785.102,14715.24,4288.05,347.34
2023-10-02,2001.0,1756.817,14837.57,4288.39,345.79
2023-10-03,1975.1,1727.153,14565.62,4229.45,343.9
2023-10-04,1962.93,1729.013,14776.25,4263.75,344.66
2023-10-05,1983.21,1731.51,14723.22,4258.19,344.68
2023-10-06,1993.63,1745.558,14973.24,4308.5,345.41
2023-10-09,1993.7,1755.994,15047.15,4335.66,347.58
2023-10-10,2037.68,1775.946,15131.52,4358.24,348.2
2023-10-11,2043.26,1773.295,15241.12,4376.95,349.09
2023-10-12,2040.99,1734.254,15184.1,4349.61,347.85
2023-10-13,2012.68,1719.711,14995.12,4327.78,350.17
2023-10-16,2013.79,1747.061,15172.73,4373.63,350.03
2023-10-17,2021.6,1766.046,15122.01,4373.2,349.07
2023-10-18,2002.58,1728.809,14909.26,4314.6,348.82
2023-10-19,1978.98,1702.702,14783.13,4278.0,348.18
2023-10-20,1960.4,1680.792,14560.88,4224.16,348.36
2023-10-23,1958.93,1665.885,14604.85,4217.04,348.54
2023-10-24,1962.41,1679.502,14745.85,4247.68,348.84
2023-10-25,1964.07,1651.428,14381.64,4186.77,347.33
2023-10-26,1942.89,1657.003,14109.57,4137.23,347.34
2023-10-27,1945.35,1636.938,14180.42,4117.37,347.13
2023-10-30,1951.96,1647.29,14335.51,4166.82,347.94
2023-10-31,1947.91,1662.282,14409.78,4193.8,347.93
2023-11-01,1968.55,1669.703,14664.91,4237.86,349.2
2023-11-02,2006.05,1714.211,14919.55,4317.78,351.47
2023-11-03,2031.06,1760.705,15099.49,4358.34,353.35
2023-11-06,2039.5,1737.939,15154.93,4365.98,352.18
2023-11-07,2018.65,1733.151,15296.02,4378.38,352.36
2023-11-08,2018.21,1714.068,15313.24,4382.78,352.05
2023-11-09,2036.08,1687.239,15187.9,4347.35,351.13
2023-11-10,2011.9,1705.325,15529.12,4415.24,350.83
2023-11-13,2024.38,1705.502,15482.79,4411.55,351.25
2023-11-14,2067.37,1798.324,15812.47,4495.7,354.82
2023-11-15,2088.01,1801.22,15817.18,4502.88,354.06
2023-11-16,2079.51,1773.757,15833.17,4508.24,355.48
2023-11-17,2100.88,1797.766,15837.99,4514.02,355.36
2023-11-20,2110.58,1807.084,16027.06,4547.38,355.71
2023-11-21,2110.2,1783.263,15933.62,4538.19,356.39
2023-11-22,2101.43,1795.54,16001.39,4556.62,356.22
2023-11-23,2111.11,,,,
2023-11-24,2122.13,1807.5,15982.01,4559.34,356.18
2023-11-27,2114.65,1801.154,15961.98,4550.43,356.98
2023-11-28,2119.53,1792.808,16010.43,4554.89,358.56
2023-11-29,2123.17,1803.808,15987.6,4550.58,359.18
2023-11-30,2124.91,1809.02,15947.87,4567.8,358.59
2023-12-01,2130.49,1862.641,15997.58,4594.63,361.05
2023-12-04,2124.56,1882.016,15839.67,4569.78,358.44
2023-12-05,2120.68,1856.04,15877.71,4567.18,358.89
2023-12-06,2138.21,1852.05,15788.05,4549.34,359.15
2023-12-07,2138.29,1868.251,16022.49,4585.59,359.65
2023-12-08,2138.43,1880.817,16084.69,4604.37,358.16
2023-12-11,2139.22,1883.681,16221.73,4622.44,357.83
2023-12-12,2144.04,1881.269,16354.25,4643.7,358.33
2023-12-13,2148.69,1947.505,16562.37,4707.09,360.72
2023-12-14,2197.33,2000.515,16537.83,4719.55,363.02
2023-12-15,2192.98,1985.127,16623.45,4719.19,362.65
2023-12-18,2179.95,1982.417,16729.8,4740.56,362.91
2023-12-19,2198.92,2020.953,16811.85,4768.37,363.77
2023-12-20,2205.28,1982.836,16554.16,4698.35,362.93
2023-12-21,2204.17,2017.065,16757.41,4746.75,363.64
2023-12-22,2211.19,2033.962,16777.4,4754.63,364.17
2023-12-25,2211.81,,,,
2023-12-26,2211.93,2059.194,16878.46,4774.75,364.56
2023-12-27,2236.1,2066.214,16906.8,4781.58,365.93
2023-12-28,2241.21,2058.335,16898.47,4783.35,365.23
2023-12-29,2236.16,2027.074,16825.93,4769.83,364.68
2024-01-01,2236.35,,,,
2024-01-02,2215.95,2012.795,16543.94,4742.83,363.68
2024-01-03,2188.58,1959.2,16368.49,4704.81,362.37
2024-01-04,2202.54,1957.727,16282.01,4688.68,361.81
2024-01-05,2207.74,1951.142,16305.98,4697.24,361.66
2024-01-08,2210.48,1989.006,16649.88,4763.54,362.53
2024-01-09,2203.7,1968.035,16678.71,4756.5,362.25
2024-01-10,2209.12,1970.261,16793.05,4783.45,362.47
2024-01-11,2203.9,1955.456,16820.9,4780.24,362.64
2024-01-12,2226.88,1950.964,16832.92,4783.83,364.02
2024-01-15,2218.72,,,,
2024-01-16,2193.17,1927.304,16830.71,4765.98,362.15
2024-01-17,2162.91,1913.166,16736.28,4739.21,360.48
2024-01-18,2171.14,1923.653,16982.29,4780.94,361.39
2024-01-19,2179.25,1944.391,17314.0,4839.81,362.48
2024-01-22,2198.73,1983.381,17330.38,4850.43,362.81
2024-01-23,2186.69,1976.268,17404.21,4864.6,362.82
2024-01-24,2217.34,1961.865,17499.3,4868.55,362.29
2024-01-25,2210.87,1975.878,17516.99,4894.16,363.13
2024-01-26,2222.74,1978.331,17421.01,4890.97,362.72
2024-01-29,2226.5,2011.424,17596.27,4927.93,364.12
2024-01-30,2231.88,1996.236,17476.71,4924.97,364.4
2024-01-31,2248.2,1947.342,17137.24,4845.65,364.45
2024-02-01,2230.76,1974.419,17344.71,4906.19,366.23
2024-02-02,2223.18,1962.731,17642.73,4958.61,365.0
2024-02-05,2211.08,1937.241,17613.04,4942.81,363.33
2024-02-06,2223.0,1953.628,17572.73,4954.23,364.36
2024-02-07,2225.7,1950.359,17755.07,4995.06,364.89
2024-02-08,2222.57,1979.699,17783.17,4997.91,364.33
2024-02-09,2225.2,2009.992,17962.4,5026.61,364.24
2024-02-12,2228.88,2045.257,17882.66,5021.84,364.07
2024-02-13,2214.71,1964.174,17600.42,4953.17,360.78
2024-02-14,2216.14,2012.102,17807.63,5000.62,361.88
2024-02-15,2238.3,2061.478,17845.72,5029.73,362.82
2024-02-16,2257.21,2032.744,17685.98,5005.57,362.38
2024-02-19,2262.0,,,,
2024-02-20,2269.13,2004.143,17546.1,4975.51,362.67
2024-02-21,2259.94,1994.743,17478.91,4981.8,362.23
2024-02-22,2279.59,2013.838,18004.7,5087.03,363.51
2024-02-23,2288.42,2016.688,17937.61,5088.8,364.63
2024-02-26,2288.58,2028.968,17933.33,5069.53,363.64
2024-02-27,2293.65,2056.107,17971.05,5078.18,363.84
2024-02-28,2282.0,2040.306,17874.5,5069.76,364.0
2024-02-29,2285.97,2054.843,18043.85,5096.27,364.95
2024-03-01,2303.9,2076.395,18302.91,5137.08,367.8
2024-03-04,2306.2,2074.309,18226.48,5130.95,368.52
2024-03-05,2306.96,2053.708,17897.87,5078.65,368.91
2024-03-06,2323.14,2068.089,18017.57,5104.76,370.02
2024-03-07,2344.67,2084.74,18297.99,5157.36,371.22
2024-03-08,2357.74,2082.713,18018.45,5123.69,371.48
2024-03-11,2331.83,2065.881,17951.69,5117.94,371.3
2024-03-12,2340.57,2065.478,18219.12,5175.27,370.89
2024-03-13,2346.52,2071.711,18068.47,5165.31,370.93
2024-03-14,2334.23,2031.175,18014.81,5150.48,369.35
2024-03-15,2325.12,2039.322,17808.25,5117.09,368.48
2024-03-18,2332.89,2024.735,17985.01,5149.42,368.69
2024-03-19,2331.95,2035.707,18032.21,5178.51,369.37
2024-03-20,2327.67,2074.88,18240.11,5224.62,370.48
2024-03-21,2356.36,2098.561,18320.38,5241.53,371.51
2024-03-22,2351.57,2071.998,18339.44,5234.18,370.99
2024-03-25,2348.68,2074.163,18277.06,5218.19,370.98
2024-03-26,2350.2,2070.163,18210.54,5203.58,370.95
2024-03-27,2355.64,2114.349,18280.84,5248.49,372.45
2024-03-28,2346.84,2124.547,18254.69,5254.35,373.33
2024-03-29,2349.42,,,,
2024-04-01,2329.59,2102.837,18293.2,5243.77,372.54
2024-04-02,2322.13,2065.037,18121.78,5205.81,372.47
2024-04-03,2329.03,2076.203,18160.19,5211.49,373.79
2024-04-04,2345.86,2053.828,17878.78,5147.21,372.95
2024-04-05,2317.36,2063.47,18108.46,5204.34,374.45
2024-04-08,2334.64,2073.713,18100.19,5202.39,373.98
2024-04-09,2334.26,2080.8,18169.9,5209.91,375.04
2024-04-10,2312.89,2028.389,18011.65,5160.64,371.57
2024-04-11,2297.57,2042.604,18307.98,5199.06,372.86
2024-04-12,2289.77,2003.174,18003.49,5123.41,372.41
2024-04-15,2282.55,1975.708,17706.83,5061.82,370.69
2024-04-16,2243.67,1967.475,17713.66,5051.41,371.01
2024-04-17,2237.99,1947.947,17493.62,5022.21,370.54
2024-04-18,2247.5,1942.958,17394.31,5011.12,370.1
2024-04-19,2236.31,1947.656,17037.65,4967.23,370.13
2024-04-22,2251.6,1967.472,17210.89,5010.6,368.61
2024-04-23,2279.12,2002.643,17471.47,5070.55,369.73
2024-04-24,2282.78,1995.426,17526.8,5071.63,369.16
2024-04-25,2265.9,1981.118,17430.5,5048.42,368.36
2024-04-26,2275.32,2002.0,17718.3,5099.96,369.67
2024-04-29,2285.03,2016.027,17782.72,5116.17,370.76
2024-04-30,2280.53,1973.906,17440.69,5035.69,366.99
2024-05-01,2271.28,1980.229,17318.55,5018.39,367.89
2024-05-02,2283.57,2016.112,17541.54,5064.2,368.77
2024-05-03,2309.49,2035.723,17890.8,5127.79,370.21
2024-05-06,2317.23,2060.675,18093.57,5180.74,371.54
2024-05-07,2338.9,2064.645,18091.45,5187.7,371.59
2024-05-08,2325.37,2055.135,18085.01,5187.67,371.3
2024-05-09,2332.01,2073.633,18113.46,5214.08,372.46
2024-05-10,2346.16,2059.778,18161.18,5222.68,373.03
2024-05-13,2351.95,2062.124,18198.61,5221.42,372.29
2024-05-14,2357.07,2085.694,18322.77,5246.68,373.45
2024-05-15,2377.0,2109.459,18596.65,5308.15,376.14
2024-05-16,2381.58,2096.248,18557.96,5297.1,375.42
2024-05-17,2381.35,2095.716,18546.23,5303.27,375.89
2024-05-20,2386.07,2102.5,18674.19,5308.13,376.32
2024-05-21,2379.88,2098.355,18713.8,5321.41,376.38
2024-05-22,2363.44,2081.709,18705.2,5307.01,375.08
2024-05-23,2364.38,2048.409,18623.39,5267.84,372.64
2024-05-24,2358.87,2069.668,18808.35,5304.72,373.09
2024-05-27,2373.45,,,,
2024-05-28,2365.87,2066.851,18869.44,5306.04,373.03
2024-05-29,2329.02,2036.188,18736.75,5266.95,371.39
2024-05-30,2339.62,2056.597,18538.66,5235.48,371.64
2024-05-31,2355.67,2070.126,18536.65,5277.51,372.11
2024-06-03,2374.11,2059.684,18600.97,5283.4,373.75
2024-06-04,2369.23,2033.944,18654.84,5291.34,373.95
2024-06-05,2368.02,2063.873,19035.05,5354.03,375.91
2024-06-06,2386.13,2049.439,19021.19,5352.96,376.34
2024-06-07,2368.97,2026.553,19000.95,5346.99,373.41
2024-06-10,2358.75,2031.614,19074.67,5360.79,373.34
2024-06-11,2337.56,2024.346,19210.18,5375.32,374.03
2024-06-12,2373.78,2057.1,19465.18,5421.03,376.14
2024-06-13,2334.78,2038.91,19576.92,5433.74,376.01
2024-06-14,2306.41,2006.159,19659.8,5431.6,376.75
2024-06-17,2299.29,2022.008,19902.75,5473.23,376.42
2024-06-18,2318.8,2025.23,19908.86,5487.03,377.43
2024-06-19,2322.1,,,,
2024-06-20,2328.14,2017.391,19752.3,5473.17,377.37
2024-06-21,2307.56,2022.034,19700.43,5464.62,376.38
2024-06-24,2326.82,2030.814,19474.62,5447.87,376.42
2024-06-25,2331.29,2022.345,19701.13,5469.3,376.53
2024-06-26,2319.95,2018.119,19751.05,5477.9,375.59
2024-06-27,2313.88,2038.342,19789.03,5482.87,376.43
2024-06-28,2314.63,2047.691,19682.87,5460.48,375.78
2024-07-01,2320.11,2030.067,19812.22,5475.09,374.91
2024-07-02,2323.31,2033.872,20011.89,5509.01,375.74
2024-07-03,2349.27,2036.625,20186.63,5537.02,377.81
2024-07-04,2367.78,,,,
2024-07-05,2364.3,2026.727,20391.97,5567.19,379.72
2024-07-08,2361.01,2038.67,20439.54,5572.85,378.99
2024-07-09,2349.55,2029.474,20453.02,5576.98,378.91
2024-07-10,2367.59,2051.754,20675.38,5633.91,380.26
2024-07-11,2402.63,2125.037,20211.36,5584.54,381.17
2024-07-12,2418.31,2148.267,20331.49,5615.35,381.7
2024-07-15,2402.82,2187.024,20386.88,5631.22,381.85
2024-07-16,2389.87,2263.674,20398.63,5667.2,383.77
2024-07-17,2400.04,2239.669,19799.14,5588.27,382.38
2024-07-18,2382.57,2198.287,19705.09,5544.59,381.26
2024-07-19,2360.51,2184.349,19522.62,5505.0,378.81
2024-07-22,2366.94,2220.649,19822.87,5564.41,379.46
2024-07-23,2367.52,2243.265,19754.34,5555.74,379.78
2024-07-24,2360.08,2195.373,19032.39,5427.13,377.77
2024-07-25,2325.45,2222.98,18830.58,5399.22,376.15
2024-07-26,2337.59,2260.069,19023.66,5459.1,378.09
2024-07-29,2339.9,2235.333,19059.49,5463.54,378.27
2024-07-30,2340.81,2243.141,18796.27,5436.44,378.72
2024-07-31,2381.44,2254.484,19362.43,5522.3,380.58
2024-08-01,2342.05,2186.162,18890.39,5446.68,381.04
2024-08-02,2291.33,2109.31,18440.85,5346.56,381.51
2024-08-05,2206.3,2039.161,17895.15,5186.33,378.8
2024-08-06,2243.75,2064.302,18077.92,5240.03,378.36
2024-08-07,2270.73,2035.11,17867.37,5199.5,377.33
2024-08-08,2263.7,2084.424,18413.82,5319.31,379.06
2024-08-09,2283.64,2080.916,18513.1,5344.16,379.92
2024-08-12,2280.03,2062.082,18542.03,5344.39,380.93
2024-08-13,2311.74,2095.193,19006.43,5434.43,382.42
2024-08-14,2338.29,2084.32,19022.68,5455.21,382.18
2024-08-15,2345.64,2135.469,19490.15,5543.22,382.34
2024-08-16,2374.84,2141.921,19508.52,5554.25,383.7
2024-08-19,2396.16,2167.502,19766.49,5608.25,384.47
2024-08-20,2405.56,2142.188,19719.82,5597.12,385.01
2024-08-21,2411.29,2170.557,19824.84,5620.85,385.63
2024-08-22,2414.7,2150.029,19491.84,5570.64,383.53
2024-08-23,2439.48,2218.701,19720.87,5634.61,385.5
2024-08-26,2439.35,2217.922,19516.44,5616.84,385.36
2024-08-27,2444.43,2202.997,19581.52,5625.8,385.29
2024-08-28,2446.9,2188.635,19350.78,5592.18,384.57
2024-08-29,2447.79,2202.983,19325.46,5591.96,384.82
2024-08-30,2453.44,2217.633,19574.64,5648.4,384.24
2024-09-02,2449.04,,,,
2024-09-03,2434.84,2149.213,18958.73,5528.93,383.39
2024-09-04,2405.88,2145.219,18921.4,5520.07,384.15
2024-09-05,2392.86,2132.054,18930.33,5503.41,384.66
2024-09-06,2383.01,2091.408,18421.31,5408.42,383.51
2024-09-09,2376.62,2097.775,18660.78,5471.05,384.46
2024-09-10,2362.86,2097.435,18829.14,5495.52,385.58
2024-09-11,2357.45,2103.846,19237.3,5554.13,386.02
2024-09-12,2388.16,2129.427,19423.07,5595.76,387.27
2024-09-13,2410.81,2182.491,19514.58,5626.02,388.75
2024-09-16,2415.22,2189.17,19423.06,5633.09,388.98
2024-09-17,2413.3,2205.477,19432.4,5634.58,388.29
2024-09-18,2405.14,2206.336,19344.49,5618.26,387.8
2024-09-19,2440.62,2252.705,19839.83,5713.64,388.75
2024-09-20,2420.93,2227.887,19791.49,5702.55,389.62
2024-09-23,2429.32,2220.28,19852.2,5718.57,389.82
2024-09-24,2447.52,2223.993,19944.84,5732.93,390.75
2024-09-25,2444.28,2197.452,19972.61,5722.26,390.32
2024-09-26,2480.25,2209.871,20115.54,5745.37,390.62
2024-09-27,2506.69,2224.705,20008.62,5738.17,390.37
2024-09-30,2468.66,2229.97,20060.69,5762.48,389.62
2024-10-01,2454.84,2197.032,19773.3,5708.75,390.52
2024-10-02,2433.62,2195.005,19802.58,5709.54,389.49
2024-10-03,2420.03,2180.146,19793.34,5699.94,388.72
2024-10-04,2413.03,2212.798,20035.02,5751.07,387.18
2024-10-07,2428.77,2193.09,19800.74,5695.94,385.76
2024-10-08,2404.93,2194.984,20107.78,5751.13,385.57
2024-10-09,2410.53,2200.585,20268.86,5792.04,385.38
2024-10-10,2409.4,2188.419,20241.76,5780.05,385.41
2024-10-11,2418.74,2234.41,20271.97,5815.03,387.26
2024-10-14,2421.43,2248.639,20439.05,5859.85,386.83
2024-10-15,2410.76,2249.819,20159.83,5815.26,387.63
2024-10-16,2393.53,2286.676,20174.05,5842.47,388.51
2024-10-17,2399.62,2280.852,20190.42,5841.47,388.14
2024-10-18,2409.36,2276.09,20324.04,5864.67,389.42
2024-10-21,2391.68,2239.711,20361.47,5853.98,388.28
2024-10-22,2372.99,2231.529,20383.65,5851.2,388.55
2024-10-23,2352.34,2213.839,20066.96,5797.42,386.33
2024-10-24,2360.2,2218.922,20232.87,5809.86,387.53
2024-10-25,2361.47,2207.995,20352.02,5808.12,387.29
2024-10-28,2368.95,2244.068,20351.07,5823.52,386.9
2024-10-29,2360.55,2238.089,20550.65,5832.92,387.85
2024-10-30,2353.78,2233.036,20387.7,5813.67,388.05
2024-10-31,2332.94,2196.652,19890.42,5705.45,384.51
2024-11-01,2336.19,2210.133,20033.14,5728.8,384.08
2024-11-04,2343.24,2219.033,19963.6,5712.69,384.32
2024-11-05,2350.3,2260.844,20227.46,5782.76,385.44
2024-11-06,2320.36,2392.923,20781.33,5929.04,383.94
2024-11-07,2354.11,2382.69,21101.57,5973.1,386.47
2024-11-08,2336.75,2399.639,21117.18,5995.54,386.63
2024-11-11,2331.9,2434.979,21106.59,6001.35,384.09
2024-11-12,2293.2,2391.848,21070.79,5983.99,382.76
2024-11-13,2276.84,2369.374,21036.16,5985.38,382.32
2024-11-14,2286.26,2336.939,20896.67,5949.17,381.77
2024-11-15,2275.34,2303.835,20394.13,5870.62,380.71
2024-11-18,2276.84,2306.34,20539.19,5893.62,382.21
2024-11-19,2283.12,2324.827,20684.59,5916.98,383.25
2024-11-20,2264.32,2325.534,20667.1,5917.11,383.47
2024-11-21,2270.79,2364.018,20740.78,5948.71,384.09
2024-11-22,2274.28,2406.67,20776.23,5969.34,385.49
2024-11-25,2293.55,2442.031,20804.89,5987.37,385.09
2024-11-26,2279.04,2424.309,20922.9,6021.63,385.26
2024-11-27,2294.57,2426.192,20744.49,5998.74,386.06
2024-11-28,2302.19,,,,
2024-11-29,2315.77,2434.726,20930.37,6032.38,387.45
2024-12-02,2319.85,2434.139,21164.6,6047.15,386.98
2024-12-03,2346.74,2416.349,21229.32,6049.88,386.97
2024-12-04,2345.26,2426.564,21492.36,6086.49,388.24
2024-12-05,2358.26,2396.169,21425.22,6075.11,387.31
2024-12-06,2354.96,2408.995,21622.25,6090.27,388.29
2024-12-09,2361.79,2392.836,21440.82,6052.85,387.77
2024-12-10,2334.93,2382.774,21368.18,6034.91,387.92
2024-12-11,2336.13,2394.159,21763.98,6084.19,388.99
2024-12-12,2337.98,2361.081,21615.27,6051.25,386.69
2024-12-13,2319.05,2346.895,21780.25,6051.09,384.87
2024-12-16,2316.05,2361.991,22096.66,6074.08,385.04
2024-12-17,2310.06,2334.081,22001.08,6050.61,384.57
2024-12-18,2301.83,2231.513,21209.31,5872.16,379.77
2024-12-19,2247.61,2221.498,21110.51,5867.08,377.84
2024-12-20,2235.78,2242.37,21289.15,5930.85,379.79
2024-12-23,2243.19,2237.436,21503.17,5974.07,379.18
2024-12-24,2246.76,2259.854,21797.65,6040.04,380.11
2024-12-25,2248.44,,,,
2024-12-26,2253.05,2280.193,21768.31,6037.59,380.55
2024-12-27,2275.2,2244.592,21473.01,5970.84,379.13
2024-12-30,2259.6,2227.779,21197.09,5906.94,378.95
2024-12-31,2261.81,2230.158,21012.17,5881.63,378.79
2025-01-01,2261.91,,,,
2025-01-02,2259.75,2231.668,20975.62,5868.55,379.29
2025-01-03,2254.82,2268.471,21326.16,5942.47,379.56
2025-01-06,2279.96,2266.645,21559.5,5975.38,379.59
2025-01-07,2287.54,2249.804,21173.04,5909.03,378.6
2025-01-08,2271.31,2238.964,21180.96,5918.25,378.8
2025-01-09,2271.21,,,,
2025-01-10,2244.94,2189.233,20847.58,5827.04,377.35
2025-01-13,2227.28,2194.404,20784.72,5836.22,376.34
2025-01-14,2235.41,2219.237,20757.41,5842.91,376.73
2025-01-15,2263.51,2263.294,21237.85,5949.91,380.53
2025-01-16,2282.91,2266.792,21091.25,5937.34,381.61
2025-01-17,2288.56,2275.882,21441.15,5996.66,382.09
2025-01-20,2314.12,,,,
2025-01-21,2323.09,2317.968,21566.51,6049.24,383.08
2025-01-22,2333.29,2303.719,21853.0,6086.37,383.44
2025-01-23,2339.46,2314.597,21900.93,6118.71,383.38
2025-01-24,2360.81,2307.738,21774.01,6101.24,383.64
2025-01-27,2361.05,2284.024,21127.28,6012.28,382.88
2025-01-28,2349.11,2288.862,21463.04,6067.7,383.93
2025-01-29,2363.29,2283.095,21411.46,6039.31,383.44
2025-01-30,2382.95,2307.451,21508.12,6071.17,385.43
2025-01-31,2379.76,2287.692,21478.05,6040.53,384.17
2025-02-03,2335.43,2258.416,21297.58,5994.57,384.27
2025-02-04,2356.97,2290.205,21566.92,6037.88,385.57
2025-02-05,2382.3,2316.231,21658.16,6061.48,387.14
2025-02-06,2397.5,2307.12,21774.06,6083.57,386.75
2025-02-07,2385.34,2279.708,21491.31,6025.99,385.75
2025-02-10,2388.47,2287.939,21756.73,6066.44,387.21
2025-02-11,2391.99,2275.701,21693.52,6068.5,386.74
2025-02-12,2395.1,2255.888,21719.26,6051.97,385.29
2025-02-13,2435.0,2282.185,22030.71,6115.07,387.61
2025-02-14,2447.68,2279.981,22114.69,6114.63,387.21
2025-02-17,2456.76,,,,
2025-02-18,2459.43,2290.353,22164.61,6129.58,387.67
2025-02-19,2436.44,2282.458,22175.6,6144.15,387.74
2025-02-20,2438.99,2261.743,22068.06,6117.52,388.18
2025-02-21,2443.3,2195.349,21614.08,6013.13,387.61
2025-02-24,2445.3,2178.266,21352.08,5983.25,387.71
2025-02-25,2447.98,2170.081,21087.25,5955.25,387.41
2025-02-26,2463.15,2174.174,21132.92,5956.06,388.26
2025-02-27,2441.98,2139.66,20550.95,5861.57,385.74
2025-02-28,2422.66,2163.069,20884.41,5954.5,386.68
2025-03-03,2466.29,2102.235,20425.58,5849.72,387.04
2025-03-04,2439.54,2079.533,20352.53,5778.15,386.29
2025-03-05,2492.65,2100.748,20628.46,5842.63,386.58
2025-03-06,2507.99,2066.553,20052.63,5738.52,385.12
2025-03-07,2495.73,2075.483,20201.37,5770.2,384.85
2025-03-10,2467.08,2019.067,19430.95,5614.56,383.93
2025-03-11,2442.71,2023.594,19376.96,5572.07,383.01
2025-03-12,2455.33,2026.467,19596.02,5599.3,383.61
2025-03-13,2443.97,1993.69,19225.48,5521.52,384.34
2025-03-14,2466.55,2044.095,19704.63,5638.94,385.53
2025-03-17,2498.24,2068.331,19812.24,5675.12,386.03
2025-03-18,2511.97,2049.935,19483.36,5614.66,386.56
2025-03-19,2507.22,2082.077,19736.66,5675.29,387.72
2025-03-20,2500.48,2068.629,19677.61,5662.89,387.97
2025-03-21,2484.98,2056.983,19753.96,5667.56,387.26
2025-03-24,2472.02,2109.377,20180.45,5767.57,387.24
2025-03-25,2489.64,2095.379,20287.83,5776.65,388.05
2025-03-26,2475.59,2073.834,19916.99,5712.2,386.79
2025-03-27,2470.17,2065.697,19798.62,5693.31,387.32
2025-03-28,2451.37,2023.274,19281.4,5580.94,388.22
2025-03-31,2400.82,2011.913,19278.45,5611.85,389.65
2025-04-01,2425.08,2012.241,19436.42,5633.07,391.0
2025-04-02,2421.83,2045.364,19581.78,5670.97,391.46
