AsOfDate,SPX Index,RSP US Equity,VIX Index
2021-12-31,4766.18,162.75,17.22
2022-01-03,4796.56,162.89,16.6
2022-01-04,4793.54,164.2,16.91
2022-01-05,4700.58,161.67,19.73
2022-01-06,4696.05,162.03,19.61
2022-01-07,4677.03,161.77,18.76
2022-01-10,4670.29,160.96,19.4
2022-01-11,4713.07,162.48,18.41
2022-01-12,4726.35,162.61,17.62
2022-01-13,4659.03,161.86,20.31
2022-01-14,4662.85,161.58,19.19
2022-01-18,4577.11,159.01,22.79
2022-01-19,4532.76,157.36,23.85
2022-01-20,4482.73,155.36,25.59
2022-01-21,4397.94,153.09,28.85
2022-01-24,4410.13,154.24,29.9
2022-01-25,4356.45,152.78,31.16
2022-01-26,4349.93,151.55,31.96
2022-01-27,4326.51,150.7,30.49
2022-01-28,4431.85,153.28,27.66
2022-01-31,4515.55,155.64,24.83
2022-02-01,4546.54,156.85,21.96
2022-02-02,4589.38,157.87,22.09
2022-02-03,4477.44,155.87,24.35
2022-02-04,4500.53,155.73,23.22
2022-02-07,4483.87,155.83,22.86
2022-02-08,4521.54,157.26,21.44
2022-02-09,4587.18,159.92,19.96
2022-02-10,4504.08,157.4,23.91
2022-02-11,4418.64,155.32,27.36
2022-02-14,4401.67,154.08,28.33
2022-02-15,4471.07,156.43,25.7
2022-02-16,4475.01,156.95,24.29
2022-02-17,4380.26,154.13,28.11
2022-02-18,4348.87,153.55,27.75
2022-02-22,4304.76,152.02,28.81
2022-02-23,4225.5,149.67,31.02
2022-02-24,4288.7,151.1,30.32
2022-02-25,4384.65,155.16,27.59
2022-02-28,4373.94,154.25,30.15
2022-03-01,4306.26,151.6,33.32
2022-03-02,4386.54,154.83,30.74
2022-03-03,4363.49,154.51,30.48
2022-03-04,4328.87,153.58,31.98
2022-03-07,4201.09,149.33,36.45
2022-03-08,4170.7,148.26,35.13
2022-03-09,4277.88,151.4,32.45
2022-03-10,4259.52,151.11,30.23
2022-03-11,4204.31,149.52,30.75
2022-03-14,4173.11,148.97,31.77
2022-03-15,4262.45,151.37,29.83
2022-03-16,4357.86,154.23,26.67
2022-03-17,4411.67,156.17,25.67
2022-03-18,4463.12,157.17,23.87
2022-03-21,4461.18,156.08,23.53
2022-03-22,4511.61,157.39,22.94
2022-03-23,4456.24,155.14,23.57
2022-03-24,4520.16,156.95,21.67
2022-03-25,4543.06,158.02,20.81
2022-03-28,4575.52,158.49,19.63
2022-03-29,4631.6,161.12,18.9
2022-03-30,4602.45,159.89,19.33
2022-03-31,4530.41,157.71,20.56
2022-04-01,4545.86,158.22,19.63
2022-04-04,4582.64,158.56,18.57
2022-04-05,4525.12,156.87,21.03
2022-04-06,4481.15,156.08,22.1
2022-04-07,4500.21,156.56,21.55
2022-04-08,4488.28,156.89,21.16
2022-04-11,4412.53,155.37,24.37
2022-04-12,4397.45,154.85,24.26
2022-04-13,4446.59,156.6,21.82
2022-04-14,4392.59,155.53,22.7
2022-04-18,4391.69,155.2,22.17
2022-04-19,4462.21,157.95,21.37
2022-04-20,4459.45,158.96,20.32
2022-04-21,4393.66,156.66,22.68
2022-04-22,4271.78,152.39,28.21
2022-04-25,4296.12,152.85,27.02
2022-04-26,4175.2,149.19,33.52
2022-04-27,4183.96,149.47,31.6
2022-04-28,4287.5,152.07,29.99
2022-04-29,4131.93,147.45,33.4
2022-05-02,4155.38,147.85,32.34
2022-05-03,4175.48,149.07,29.25
2022-05-04,4300.17,153.22,25.42
2022-05-05,4146.87,148.61,31.2
2022-05-06,4123.34,147.25,30.19
2022-05-09,3991.24,142.88,34.75
2022-05-10,4001.05,142.51,32.99
2022-05-11,3935.18,140.67,32.56
2022-05-12,3930.08,141.27,31.77
2022-05-13,4023.89,144.5,28.87
2022-05-16,4008.01,143.99,27.47
2022-05-17,4088.85,147.04,26.1
2022-05-18,3923.68,141.51,30.96
2022-05-19,3900.79,141.19,29.35
2022-05-20,3901.36,141.19,29.43
2022-05-23,3973.75,143.18,28.48
2022-05-24,3941.48,142.29,29.45
2022-05-25,3978.73,143.93,28.37
2022-05-26,4057.84,146.97,27.5
2022-05-27,4158.24,150.34,25.72
2022-05-30,,,26.54
2022-05-31,4132.15,148.93,26.19
2022-06-01,4101.23,147.35,25.69
2022-06-02,4176.82,149.94,24.72
2022-06-03,4108.54,148.17,24.79
2022-06-06,4121.43,148.71,25.07
2022-06-07,4160.68,150.13,24.02
2022-06-08,4115.77,148.01,23.96
2022-06-09,4017.82,144.65,26.09
2022-06-10,3900.86,140.71,27.75
2022-06-13,3749.63,135.05,34.02
2022-06-14,3735.48,134.35,32.69
2022-06-15,3789.99,135.64,29.62
2022-06-16,3666.77,130.84,32.95
2022-06-17,3674.84,131.14,31.13
2022-06-20,,,31.03
2022-06-21,3764.79,132.69,30.19
2022-06-22,3759.89,132.62,28.95
2022-06-23,3795.73,133.72,29.05
2022-06-24,3911.74,138.07,27.23
2022-06-27,3900.11,138.0,26.95
2022-06-28,3821.55,135.9,28.36
2022-06-29,3818.83,135.07,28.16
2022-06-30,3785.38,134.23,28.71
2022-07-01,3825.33,135.87,26.7
2022-07-04,,,27.53
2022-07-05,3831.39,135.55,27.54
2022-07-06,3845.08,135.58,26.73
2022-07-07,3902.62,137.55,26.08
2022-07-08,3899.38,137.04,24.64
2022-07-11,3854.43,135.78,26.17
2022-07-12,3818.8,135.13,27.29
2022-07-13,3801.78,134.38,26.82
2022-07-14,3790.38,133.32,26.4
2022-07-15,3863.16,135.85,24.23
2022-07-18,3830.85,135.26,25.3
2022-07-19,3936.69,139.14,24.5
2022-07-20,3959.9,140.07,23.88
2022-07-21,3998.95,141.16,23.11
2022-07-22,3961.63,140.34,23.03
2022-07-25,3966.84,140.69,23.36
2022-07-26,3921.05,139.59,24.69
2022-07-27,4023.61,142.3,23.24
2022-07-28,4072.43,144.55,22.33
2022-07-29,4130.29,145.84,21.33
2022-08-01,4118.63,145.56,22.84
2022-08-02,4091.19,144.53,23.93
2022-08-03,4155.17,146.03,21.95
2022-08-04,4151.94,145.72,21.44
2022-08-05,4145.19,145.88,21.15
2022-08-08,4140.06,146.29,21.29
2022-08-09,4122.47,145.44,21.77
2022-08-10,4210.24,148.55,19.74
2022-08-11,4207.27,149.21,20.2
2022-08-12,4280.15,151.62,19.53
2022-08-15,4297.14,151.95,19.95
2022-08-16,4305.2,152.39,19.69
2022-08-17,4274.04,150.96,19.9
2022-08-18,4283.74,151.44,19.56
2022-08-19,4228.48,149.44,20.6
2022-08-22,4137.99,146.32,23.8
2022-08-23,4128.73,145.94,24.11
2022-08-24,4140.77,146.67,22.82
2022-08-25,4199.12,148.93,21.78
2022-08-26,4057.66,144.13,25.56
2022-08-29,4030.61,143.29,26.21
2022-08-30,3986.16,141.78,26.21
2022-08-31,3955.0,140.76,25.87
2022-09-01,3966.85,140.88,25.56
2022-09-02,3924.26,139.86,25.47
2022-09-05,,,25.99
2022-09-06,3908.19,139.47,26.91
2022-09-07,3979.87,142.53,24.64
2022-09-08,4006.18,143.76,23.61
2022-09-09,4067.36,145.74,22.79
2022-09-12,4110.41,147.1,23.87
2022-09-13,3932.69,141.28,27.27
2022-09-14,3946.01,141.27,26.16
2022-09-15,3901.35,140.15,26.27
2022-09-16,3873.33,138.75,26.3
2022-09-19,3899.89,139.15,25.76
2022-09-20,3855.93,136.91,27.16
2022-09-21,3789.93,134.64,27.99
2022-09-22,3757.99,132.71,27.35
2022-09-23,3693.23,130.48,29.92
2022-09-26,3655.04,128.59,32.26
2022-09-27,3647.29,128.18,32.6
2022-09-28,3719.04,131.16,30.18
2022-09-29,3640.47,128.68,31.84
2022-09-30,3585.62,127.28,31.62
2022-10-03,3678.43,130.83,30.1
2022-10-04,3790.93,135.34,29.07
2022-10-05,3783.28,134.81,28.55
2022-10-06,3744.52,133.31,30.52
2022-10-07,3639.66,130.15,31.36
2022-10-10,3612.39,129.27,32.45
2022-10-11,3588.84,128.69,33.63
2022-10-12,3577.03,128.02,33.57
2022-10-13,3669.91,131.1,31.94
2022-10-14,3583.07,128.2,32.02
2022-10-17,3677.95,130.99,31.37
2022-10-18,3719.98,132.93,30.5
2022-10-19,3695.16,131.36,30.76
2022-10-20,3665.78,129.9,29.98
2022-10-21,3752.75,132.87,29.69
2022-10-24,3797.34,134.35,29.85
2022-10-25,3859.11,136.93,28.46
2022-10-26,3830.6,137.2,27.28
2022-10-27,3807.3,137.33,27.39
2022-10-28,3901.06,140.18,25.75
2022-10-31,3871.98,139.56,25.88
2022-11-01,3856.1,139.9,25.81
2022-11-02,3759.69,136.49,25.86
2022-11-03,3719.89,135.8,25.3
2022-11-04,3770.55,137.91,24.55
2022-11-07,3806.8,139.01,24.35
2022-11-08,3828.11,139.84,25.54
2022-11-09,3748.57,137.33,26.09
2022-11-10,3956.37,144.69,23.53
2022-11-11,3992.93,146.08,22.52
2022-11-14,3957.25,144.49,23.73
2022-11-15,3991.73,145.85,24.54
2022-11-16,3958.79,144.3,24.11
2022-11-17,3946.56,143.46,23.93
2022-11-18,3965.34,144.53,23.12
2022-11-21,3949.94,144.47,22.36
2022-11-22,4003.58,146.39,21.29
2022-11-23,4027.26,147.0,20.35
2022-11-24,,,20.42
2022-11-25,4026.12,147.5,20.5
2022-11-28,3963.94,144.87,22.21
2022-11-29,3957.63,145.33,21.89
2022-11-30,4080.11,148.82,20.58
2022-12-01,4076.57,149.03,19.84
2022-12-02,4071.7,148.94,19.06
2022-12-05,3998.84,146.06,20.75
2022-12-06,3941.26,144.46,22.17
2022-12-07,3933.92,144.22,22.68
2022-12-08,3963.51,145.15,22.29
2022-12-09,3934.38,144.03,22.83
2022-12-12,3990.56,146.15,25.0
2022-12-13,4019.65,147.17,22.55
2022-12-14,3995.32,146.3,21.14
2022-12-15,3895.75,143.09,22.83
2022-12-16,3852.36,141.36,22.62
2022-12-19,3817.66,139.63,22.42
2022-12-20,3821.62,139.77,21.48
2022-12-21,3878.44,141.93,20.07
2022-12-22,3822.39,140.39,21.97
2022-12-23,3844.82,141.29,20.87
2022-12-27,3829.25,141.38,21.65
2022-12-28,3783.22,139.35,22.14
2022-12-29,3849.28,141.83,21.44
2022-12-30,3839.5,141.25,21.67
2023-01-03,3824.14,141.12,22.9
2023-01-04,3852.97,143.32,22.01
2023-01-05,3808.1,141.83,22.46
2023-01-06,3895.08,145.23,21.13
2023-01-09,3892.09,145.29,21.97
2023-01-10,3919.25,146.38,20.58
2023-01-11,3969.61,148.16,21.09
2023-01-12,3983.17,148.72,18.83
2023-01-13,3999.09,149.07,18.35
2023-01-16,,,19.49
2023-01-17,3990.97,148.74,19.36
2023-01-18,3928.86,146.45,20.34
2023-01-19,3898.85,144.94,20.52
2023-01-20,3972.61,147.46,19.85
2023-01-23,4019.81,149.33,19.81
2023-01-24,4016.95,148.98,19.2
2023-01-25,4016.22,149.32,19.08
2023-01-26,4060.43,150.52,18.73
2023-01-27,4070.56,150.8,18.51
2023-01-30,4017.77,149.2,19.94
2023-01-31,4076.6,151.73,19.4
2023-02-01,4119.21,153.28,17.87
2023-02-02,4179.76,154.96,18.73
2023-02-03,4136.48,153.06,18.33
2023-02-06,4111.08,151.98,19.43
2023-02-07,4164.0,153.4,18.66
2023-02-08,4117.86,151.89,19.63
2023-02-09,4081.5,150.5,20.71
2023-02-10,4090.46,150.96,20.53
2023-02-13,4137.29,152.65,20.34
2023-02-14,4136.13,152.36,18.91
2023-02-15,4147.6,153.08,18.23
2023-02-16,4090.41,151.35,20.17
2023-02-17,4079.09,151.03,20.02
2023-02-20,,,21.23
2023-02-21,3997.34,147.75,22.87
2023-02-22,3991.05,147.57,22.29
2023-02-23,4012.32,148.12,21.14
2023-02-24,3970.04,146.85,21.67
2023-02-27,3982.24,147.03,20.95
2023-02-28,3970.15,146.6,20.7
2023-03-01,3951.39,146.33,20.58
2023-03-02,3981.35,147.48,19.59
2023-03-03,4045.64,149.55,18.49
2023-03-06,4048.42,148.83,18.61
2023-03-07,3986.37,146.43,19.59
2023-03-08,3992.01,146.74,19.11
2023-03-09,3918.32,143.5,22.61
2023-03-10,3861.59,140.47,24.8
2023-03-13,3855.76,138.75,26.52
2023-03-14,3919.29,140.7,23.73
2023-03-15,3891.93,138.73,26.14
2023-03-16,3960.28,140.4,22.99
2023-03-17,3916.64,138.03,25.51
2023-03-20,3951.57,139.12,24.15
2023-03-21,4002.87,140.98,21.38
2023-03-22,3936.97,137.81,22.26
2023-03-23,3948.72,137.35,22.61
2023-03-24,3970.99,138.52,21.74
2023-03-27,3977.53,139.44,20.6
2023-03-28,3971.27,139.72,19.97
2023-03-29,4027.81,141.82,19.12
2023-03-30,4050.83,142.52,19.02
2023-03-31,4109.31,144.62,18.7
2023-04-03,4124.51,144.74,18.55
2023-04-04,4100.6,143.29,19.0
2023-04-05,4090.38,142.99,19.08
2023-04-06,4105.02,143.09,18.4
2023-04-10,4109.11,143.96,18.97
2023-04-11,4108.94,144.9,19.1
2023-04-12,4091.95,144.2,19.09
2023-04-13,4146.22,145.31,17.8
2023-04-14,4137.64,144.65,17.07
2023-04-17,4151.32,145.63,16.95
2023-04-18,4154.87,145.64,16.83
2023-04-19,4154.52,145.68,16.46
2023-04-20,4129.79,144.88,17.17
2023-04-21,4133.52,144.92,16.77
2023-04-24,4137.04,145.19,16.89
2023-04-25,4071.63,142.72,18.76
2023-04-26,4055.99,141.23,18.84
2023-04-27,4135.35,143.55,17.03
2023-04-28,4169.48,145.14,15.78
2023-05-01,4167.87,145.01,16.08
2023-05-02,4119.58,142.84,17.78
2023-05-03,4090.75,142.01,18.34
2023-05-04,4061.22,140.66,20.09
2023-05-05,4136.25,143.03,17.19
2023-05-08,4138.12,142.77,16.98
2023-05-09,4119.17,142.24,17.71
2023-05-10,4137.64,142.22,16.94
2023-05-11,4130.62,141.51,16.93
2023-05-12,4124.08,141.52,17.03
2023-05-15,4136.28,142.32,17.12
2023-05-16,4109.9,140.31,17.99
2023-05-17,4158.77,142.09,16.87
2023-05-18,4198.05,143.24,16.05
2023-05-19,4191.98,142.86,16.81
2023-05-22,4192.63,143.08,17.21
2023-05-23,4145.58,141.55,18.53
2023-05-24,4115.24,140.01,20.03
2023-05-25,4151.28,139.92,19.14
2023-05-26,4205.45,141.09,17.95
2023-05-29,,,17.46
2023-05-30,4205.52,140.84,17.46
2023-05-31,4179.83,139.61,17.94
2023-06-01,4221.02,140.66,15.65
2023-06-02,4282.37,143.73,14.6
2023-06-05,4273.79,143.24,14.73
2023-06-06,4283.85,144.21,13.96
2023-06-07,4267.52,145.27,13.94
2023-06-08,4293.93,145.33,13.65
2023-06-09,4298.86,145.16,13.83
2023-06-12,4338.93,146.12,15.01
2023-06-13,4369.01,147.53,14.61
2023-06-14,4372.59,147.25,13.88
2023-06-15,4425.84,148.95,14.5
2023-06-16,4409.59,148.83,13.54
2023-06-19,,,14.19
2023-06-20,4388.71,146.84,13.88
2023-06-21,4365.69,146.63,13.2
2023-06-22,4381.89,146.03,12.91
2023-06-23,4348.33,144.77,13.44
2023-06-26,4328.82,145.65,14.25
2023-06-27,4378.41,147.43,13.74
2023-06-28,4376.86,147.18,13.43
2023-06-29,4396.44,148.33,13.54
2023-06-30,4450.38,149.64,13.59
2023-07-03,4455.59,150.01,13.57
2023-07-04,,,13.7
2023-07-05,4446.82,149.37,14.18
2023-07-06,4411.59,148.15,15.44
2023-07-07,4398.95,148.52,14.83
2023-07-10,4409.53,149.85,15.07
2023-07-11,4439.26,151.54,14.84
2023-07-12,4472.16,152.24,13.54
2023-07-13,4510.04,152.96,13.61
2023-07-14,4505.42,152.06,13.34
2023-07-17,4522.79,152.35,13.48
2023-07-18,4554.98,153.29,13.3
2023-07-19,4565.72,154.05,13.76
2023-07-20,4534.87,153.89,13.99
2023-07-21,4536.34,154.11,13.6
2023-07-24,4554.64,154.54,13.91
2023-07-25,4567.46,154.65,13.86
2023-07-26,4566.75,155.0,13.19
2023-07-27,4537.41,153.64,14.41
2023-07-28,4582.23,154.4,13.33
2023-07-31,4588.96,154.88,13.63
2023-08-01,4576.73,154.25,13.93
2023-08-02,4513.39,152.78,16.09
2023-08-03,4501.89,152.02,15.92
2023-08-04,4478.03,151.34,17.1
2023-08-07,4518.44,152.62,15.77
2023-08-08,4499.38,151.86,15.99
2023-08-09,4467.71,151.42,15.96
2023-08-10,4468.83,151.24,15.85
2023-08-11,4464.05,151.27,14.84
2023-08-14,4489.72,151.24,14.82
2023-08-15,4437.86,149.25,16.46
2023-08-16,4404.33,148.16,16.78
2023-08-17,4370.36,147.02,17.89
2023-08-18,4369.71,147.28,17.3
2023-08-21,4399.77,147.25,17.13
2023-08-22,4387.55,146.67,16.97
2023-08-23,4436.01,147.89,15.98
2023-08-24,4376.31,146.47,17.2
2023-08-25,4405.71,147.21,15.68
2023-08-28,4433.31,148.31,15.08
2023-08-29,4497.63,149.98,14.45
2023-08-30,4514.87,150.45,13.88
2023-08-31,4507.66,149.92,13.57
2023-09-01,4515.77,150.54,13.09
2023-09-04,,,13.82
2023-09-05,4496.83,148.68,14.01
2023-09-06,4465.48,148.17,14.45
2023-09-07,4451.14,147.58,14.4
2023-09-08,4457.49,147.65,13.84
2023-09-11,4487.46,147.89,13.8
2023-09-12,4461.9,147.7,14.23
2023-09-13,4467.44,147.11,13.48
2023-09-14,4505.1,148.83,12.82
2023-09-15,4450.32,147.58,13.79
2023-09-18,4453.53,146.59,14.0
2023-09-19,4443.95,146.35,14.11
2023-09-20,4402.2,145.68,15.14
2023-09-21,4330.0,143.26,17.54
2023-09-22,4320.06,142.69,17.2
2023-09-25,4337.44,143.05,16.9
2023-09-26,4273.53,141.04,18.94
2023-09-27,4274.51,141.09,18.22
2023-09-28,4299.7,142.07,17.34
2023-09-29,4288.05,141.69,17.52
2023-10-02,4288.39,140.09,17.61
2023-10-03,4229.45,138.41,19.78
2023-10-04,4263.75,139.2,18.58
2023-10-05,4258.19,138.8,18.49
2023-10-06,4308.5,140.0,17.45
2023-10-09,4335.66,141.0,17.7
2023-10-10,4358.24,142.08,17.03
2023-10-11,4376.95,142.38,16.09
2023-10-12,4349.61,140.6,16.69
2023-10-13,4327.78,140.29,19.32
2023-10-16,4373.63,142.04,17.21
2023-10-17,4373.2,142.74,17.88
2023-10-18,4314.6,140.48,19.22
2023-10-19,4278.0,138.74,21.4
2023-10-20,4224.16,137.01,21.71
2023-10-23,4217.04,136.14,20.37
2023-10-24,4247.68,137.01,18.97
2023-10-25,4186.77,135.5,20.19
2023-10-26,4137.23,135.22,20.68
2023-10-27,4117.37,133.66,21.27
2023-10-30,4166.82,134.71,19.75
2023-10-31,4193.8,135.83,18.14
2023-11-01,4237.86,136.29,16.87
2023-11-02,4317.78,139.31,15.66
2023-11-03,4358.34,141.59,14.91
2023-11-06,4365.98,140.85,14.89
2023-11-07,4378.38,140.55,14.81
2023-11-08,4382.78,140.32,14.45
2023-11-09,4347.35,139.13,15.29
2023-11-10,4415.24,140.76,14.17
2023-11-13,4411.55,140.58,14.76
2023-11-14,4495.7,144.59,14.16
2023-11-15,4502.88,145.27,14.18
2023-11-16,4508.24,144.79,14.32
2023-11-17,4514.02,145.49,13.8
2023-11-20,4547.38,146.07,13.41
2023-11-21,4538.19,145.8,13.35
2023-11-22,4556.62,146.48,12.85
2023-11-23,,,12.8
2023-11-24,4559.34,146.91,12.46
2023-11-27,4550.43,146.61,12.69
2023-11-28,4554.89,146.47,12.69
2023-11-29,4550.58,147.05,12.98
2023-11-30,4567.8,148.3,12.92
2023-12-01,4594.63,150.53,12.63
2023-12-04,4569.78,150.6,13.08
2023-12-05,4567.18,149.26,12.85
2023-12-06,4549.34,149.31,12.97
2023-12-07,4585.59,150.1,13.06
2023-12-08,4604.37,150.57,12.35
2023-12-11,4622.44,151.91,12.63
2023-12-12,4643.7,152.18,12.07
2023-12-13,4707.09,155.41,12.19
2023-12-14,4719.55,157.53,12.48
2023-12-15,4719.19,156.41,12.28
2023-12-18,4740.56,155.87,12.56
2023-12-19,4768.37,157.18,12.53
2023-12-20,4698.35,154.58,13.67
2023-12-21,4746.75,156.48,13.65
2023-12-22,4754.63,157.01,13.03
2023-12-26,4774.75,157.91,12.99
2023-12-27,4781.58,158.06,12.43
2023-12-28,4783.35,158.41,12.47
2023-12-29,4769.83,157.8,12.45
2024-01-02,4742.83,157.85,13.2
2024-01-03,4704.81,155.52,14.04
2024-01-04,4688.68,155.26,14.13
2024-01-05,4697.24,155.71,13.35
2024-01-08,4763.54,157.38,13.08
2024-01-09,4756.5,156.58,12.76
2024-01-10,4783.45,156.85,12.69
2024-01-11,4780.24,156.4,12.44
2024-01-12,4783.83,156.05,12.7
2024-01-15,,,13.25
2024-01-16,4765.98,155.06,13.84
2024-01-17,4739.21,153.84,14.79
2024-01-18,4780.94,154.63,14.13
2024-01-19,4839.81,155.82,13.3
2024-01-22,4850.43,156.64,13.19
2024-01-23,4864.6,156.72,12.55
2024-01-24,4868.55,155.91,13.14
2024-01-25,4894.16,157.48,13.45
2024-01-26,4890.97,157.5,13.26
2024-01-29,4927.93,158.46,13.6
2024-01-30,4924.97,158.49,13.31
2024-01-31,4845.65,156.46,14.35
2024-02-01,4906.19,158.28,13.88
2024-02-02,4958.61,158.14,13.85
2024-02-05,4942.81,156.78,13.67
2024-02-06,4954.23,157.77,13.06
2024-02-07,4995.06,158.39,12.83
2024-02-08,4997.91,158.74,12.79
2024-02-09,5026.61,158.93,12.93
2024-02-12,5021.84,160.01,13.93
2024-02-13,4953.17,157.35,15.85
2024-02-14,5000.62,158.79,14.38
2024-02-15,5029.73,160.76,14.01
2024-02-16,5005.57,160.03,14.24
2024-02-19,,,14.71
2024-02-20,4975.51,159.66,15.42
2024-02-21,4981.8,159.98,15.34
2024-02-22,5087.03,161.57,14.54
2024-02-23,5088.8,162.0,13.75
2024-02-26,5069.53,161.35,13.74
2024-02-27,5078.18,162.06,13.43
2024-02-28,5069.76,162.12,13.84
2024-02-29,5096.27,162.79,13.4
2024-03-01,5137.08,163.93,13.11
2024-03-04,5130.95,164.23,13.49
2024-03-05,5078.65,163.48,14.46
2024-03-06,5104.76,164.41,14.5
2024-03-07,5157.36,165.7,14.44
2024-03-08,5123.69,165.51,14.74
2024-03-11,5117.94,165.72,15.22
2024-03-12,5175.27,166.15,13.84
2024-03-13,5165.31,166.23,13.75
2024-03-14,5150.48,164.74,14.4
2024-03-15,5117.09,164.42,14.41
2024-03-18,5149.42,164.19,14.33
2024-03-19,5178.51,165.17,13.82
2024-03-20,5224.62,166.58,13.04
2024-03-21,5241.53,167.72,12.92
2024-03-22,5234.18,166.64,13.06
2024-03-25,5218.19,166.28,13.19
2024-03-26,5203.58,166.12,13.24
2024-03-27,5248.49,168.78,12.78
2024-03-28,5254.35,169.37,13.01
2024-04-01,5243.77,168.37,13.65
2024-04-02,5205.81,166.92,14.61
2024-04-03,5211.49,167.1,14.33
2024-04-04,5147.21,165.4,16.35
2024-04-05,5204.34,166.39,16.03
2024-04-08,5202.39,166.9,15.19
2024-04-09,5209.91,167.56,14.98
2024-04-10,5160.64,164.71,15.8
2024-04-11,5199.06,164.59,14.91
2024-04-12,5123.41,161.98,17.31
2024-04-15,5061.82,160.58,19.23
2024-04-16,5051.41,159.69,18.4
2024-04-17,5022.21,159.36,18.21
2024-04-18,5011.12,159.21,18.0
2024-04-19,4967.23,159.81,18.71
2024-04-22,5010.6,161.03,16.94
2024-04-23,5070.55,162.46,15.69
2024-04-24,5071.63,162.69,15.97
2024-04-25,5048.42,162.35,15.37
2024-04-26,5099.96,162.43,15.03
2024-04-29,5116.17,163.56,14.67
2024-04-30,5035.69,161.2,15.65
2024-05-01,5018.39,160.65,15.39
2024-05-02,5064.2,161.64,14.68
2024-05-03,5127.79,162.79,13.49
2024-05-06,5180.74,164.04,13.49
2024-05-07,5187.7,164.5,13.23
2024-05-08,5187.67,164.46,13.0
2024-05-09,5214.08,165.84,12.69
2024-05-10,5222.68,166.11,12.55
2024-05-13,5221.42,166.07,13.6
2024-05-14,5246.68,166.73,13.42
2024-05-15,5308.15,168.06,12.45
2024-05-16,5297.1,167.79,12.42
2024-05-17,5303.27,168.04,11.99
2024-05-20,5308.13,167.9,12.15
2024-05-21,5321.41,167.83,11.86
2024-05-22,5307.01,167.19,12.29
2024-05-23,5267.84,164.85,12.77
2024-05-24,5304.72,165.94,11.93
2024-05-27,,,12.36
2024-05-28,5306.04,164.79,12.92
2024-05-29,5266.95,162.86,14.28
2024-05-30,5235.48,163.61,14.47
2024-05-31,5277.51,165.78,12.92
2024-06-03,5283.4,164.9,13.11
2024-06-04,5291.34,164.4,13.16
2024-06-05,5354.03,165.4,12.63
2024-06-06,5352.96,165.08,12.58
2024-06-07,5346.99,164.56,12.22
2024-06-10,5360.79,165.0,12.74
2024-06-11,5375.32,164.32,12.85
2024-06-12,5421.03,165.2,12.04
2024-06-13,5433.74,164.73,11.94
2024-06-14,5431.6,163.68,12.66
2024-06-17,5473.23,164.87,12.75
2024-06-18,5487.03,165.28,12.3
2024-06-19,,,12.48
2024-06-20,5473.17,165.38,13.28
2024-06-21,5464.62,165.59,13.2
2024-06-24,5447.87,165.72,13.33
2024-06-25,5469.3,164.58,12.84
2024-06-26,5477.9,163.96,12.55
2024-06-27,5482.87,164.16,12.24
2024-06-28,5460.48,164.28,12.44
2024-07-01,5475.09,162.95,12.22
2024-07-02,5509.01,163.68,12.03
2024-07-03,5537.02,163.75,12.09
2024-07-04,,,12.26
2024-07-05,5567.19,163.68,12.48
2024-07-08,5572.85,164.0,12.37
2024-07-09,5576.98,163.72,12.51
2024-07-10,5633.91,165.07,12.85
2024-07-11,5584.54,167.06,12.92
2024-07-12,5615.35,168.53,12.46
2024-07-15,5631.22,168.72,13.12
2024-07-16,5667.2,171.71,13.19
2024-07-17,5588.27,171.01,14.48
2024-07-18,5544.59,169.54,15.93
2024-07-19,5505.0,168.4,16.52
2024-07-22,5564.41,169.73,14.91
2024-07-23,5555.74,169.13,14.72
2024-07-24,5427.13,167.15,18.04
2024-07-25,5399.22,167.35,18.46
2024-07-26,5459.1,169.74,16.39
2024-07-29,5463.54,169.97,16.6
2024-07-30,5436.44,170.79,17.69
2024-07-31,5522.3,171.6,16.36
2024-08-01,5446.68,169.69,18.59
2024-08-02,5346.56,166.77,23.39
2024-08-05,5186.33,162.83,38.57
2024-08-06,5240.03,164.5,27.71
2024-08-07,5199.5,163.34,27.85
2024-08-08,5319.31,166.3,23.79
2024-08-09,5344.16,166.65,20.37
2024-08-12,5344.39,165.85,20.71
2024-08-13,5434.43,167.74,18.12
2024-08-14,5455.21,168.09,16.19
2024-08-15,5543.22,170.37,15.23
2024-08-16,5554.25,170.78,14.8
2024-08-19,5608.25,172.08,14.65
2024-08-20,5597.12,171.4,15.88
2024-08-21,5620.85,172.6,16.27
2024-08-22,5570.64,172.11,17.55
2024-08-23,5634.61,174.3,15.86
2024-08-26,5616.84,174.27,16.15
2024-08-27,5625.8,174.35,15.43
2024-08-28,5592.18,173.87,17.11
2024-08-29,5591.96,174.52,15.65
2024-08-30,5648.4,175.87,15.0
2024-09-02,,,15.55
2024-09-03,5528.93,173.61,20.72
2024-09-04,5520.07,173.36,21.32
2024-09-05,5503.41,172.3,19.9
2024-09-06,5408.42,170.45,22.38
2024-09-09,5471.05,172.1,19.45
2024-09-10,5495.52,172.2,19.08
2024-09-11,5554.13,172.28,17.69
2024-09-12,5595.76,173.35,17.07
2024-09-13,5626.02,175.01,16.56
2024-09-16,5633.09,176.28,17.14
2024-09-17,5634.58,176.54,17.61
2024-09-18,5618.26,176.21,18.23
2024-09-19,5713.64,178.09,16.33
2024-09-20,5702.55,177.44,16.15
2024-09-23,5718.57,177.65,15.89
2024-09-24,5732.93,177.91,15.39
2024-09-25,5722.26,176.81,15.41
2024-09-26,5745.37,178.29,15.37
2024-09-27,5738.17,178.93,16.96
2024-09-30,5762.48,179.16,16.73
2024-10-01,5708.75,178.21,19.26
2024-10-02,5709.54,178.02,18.9
2024-10-03,5699.94,177.18,20.49
2024-10-04,5751.07,178.57,19.21
2024-10-07,5695.94,177.18,22.64
2024-10-08,5751.13,177.6,21.42
2024-10-09,5792.04,178.82,20.86
2024-10-10,5780.05,178.15,20.93
2024-10-11,5815.03,179.9,20.46
2024-10-14,5859.85,181.22,19.7
2024-10-15,5815.26,180.4,20.64
2024-10-16,5842.47,181.62,19.58
2024-10-17,5841.47,181.33,19.11
2024-10-18,5864.67,181.87,18.03
2024-10-21,5853.98,180.32,18.37
2024-10-22,5851.2,179.51,18.2
2024-10-23,5797.42,178.92,19.24
2024-10-24,5809.86,178.96,19.08
2024-10-25,5808.12,178.11,20.33
2024-10-28,5823.52,179.12,19.8
2024-10-29,5832.92,178.58,19.34
2024-10-30,5813.67,178.19,20.35
2024-10-31,5705.45,176.29,23.16
2024-11-01,5728.8,176.4,21.88
2024-11-04,5712.69,176.61,21.98
2024-11-05,5782.76,178.67,20.49
2024-11-06,5929.04,182.9,16.27
2024-11-07,5973.1,183.08,15.2
2024-11-08,5995.54,184.1,14.94
2024-11-11,6001.35,185.02,14.97
2024-11-12,5983.99,183.61,14.71
2024-11-13,5985.38,183.71,14.02
2024-11-14,5949.17,182.24,14.31
2024-11-15,5870.62,180.94,16.14
2024-11-18,5893.62,181.67,15.58
2024-11-19,5916.98,181.18,16.35
2024-11-20,5917.11,181.79,17.16
2024-11-21,5948.71,184.08,16.87
2024-11-22,5969.34,185.53,15.24
2024-11-25,5987.37,187.21,14.6
2024-11-26,6021.63,187.23,14.1
2024-11-27,5998.74,187.05,14.1
2024-11-28,,,13.9
2024-11-29,6032.38,187.62,13.51
2024-12-02,6047.15,187.15,13.34
2024-12-03,6049.88,186.32,13.3
2024-12-04,6086.49,186.33,13.45
2024-12-05,6075.11,185.4,13.54
2024-12-06,6090.27,185.19,12.77
2024-12-09,6052.85,184.43,14.19
2024-12-10,6034.91,183.3,14.18
2024-12-11,6084.19,183.47,13.58
2024-12-12,6051.25,182.8,13.92
2024-12-13,6051.09,182.16,13.81
2024-12-16,6074.08,181.56,14.69
2024-12-17,6039.05,180.965,15.37
