Product_Detail,Indicator,Start,End,Budget
GIUL21,INDEX,7/1/2021,7/31/2021,0.042107189
GIUL21,INDEX,8/1/2021,8/31/2021,0.043673166
GIUL21,INDEX,9/1/2021,9/30/2021,0.042775986
GIUL21,INDEX,10/1/2021,10/31/2021,0.044768219
GIUL21,INDEX,11/1/2021,11/30/2021,0.044626058
GIUL21,INDEX,12/1/2021,12/31/2021,0.043798416
GIUL21,INDEX,1/1/2022,1/31/2022,0.045261033
GIUL21,INDEX,2/1/2022,2/28/2022,0.045308713
GIUL21,INDEX,3/1/2022,3/31/2022,0.046332811
GIUL21,INDEX,4/1/2022,4/30/2022,0.046743711
GIUL21,INDEX,5/1/2022,5/31/2022,0.046954759
GIUL21,INDEX,6/1/2022,6/30/2022,0.045456143
GIUL21,INDEX,7/1/2022,7/31/2022,0.04513079
GIUL21,INDEX,8/1/2022,8/31/2022,0.046292045
GIUL21,INDEX,9/1/2022,9/30/2022,0.0492386
GIUL21,INDEX,10/1/2022,10/31/2022,0.048241906
GIUL21,INDEX,11/1/2022,11/30/2022,0.047343368
GIUL21,INDEX,12/1/2022,12/31/2022,0.048388305
GIUL21,INDEX,1/1/2023,1/31/2023,0.052312619
GIUL21,INDEX,2/1/2023,2/28/2023,0.051512057
GIUL21,INDEX,3/1/2023,3/31/2023,0.051615635
GIUL21,INDEX,4/1/2023,4/30/2023,0.050901085
GIUL21,INDEX,5/1/2023,5/31/2023,0.051888016
GIUL21,INDEX,6/1/2023,6/30/2023,0.052478424
GIUL21,INDEX,7/1/2023,7/31/2023,0.053521027
GIUL21,INDEX,8/1/2023,8/31/2023,0.053521027
GIUL21,INDEX,9/1/2023,9/30/2023,0.052137664
GIUL21,INDEX,10/1/2023,10/31/2023,0.051896264
GIUL21,INDEX,11/1/2023,11/30/2023,0.0516603
GIUL21,INDEX,12/1/2023,12/31/2023,0.051168851
GIUL21,INDEX,1/1/2024,1/31/2024,0.050849468
GIUL21,INDEX,2/1/2024,2/29/2024,0.04972547
GIUL21,INDEX,3/1/2024,3/31/2024,0.050168112
GIUL21,INDEX,4/1/2024,4/30/2024,0.049310673
GIUL21,INDEX,5/1/2024,5/31/2024,0.049804453
GIUL21,INDEX,6/1/2024,6/30/2024,0.049007043
GIUL21,INDEX,7/1/2024,7/31/2024,0.049558798
GIUL21,INDEX,8/1/2024,8/31/2024,0.048953321
GIUL21,INDEX,9/1/2024,9/30/2024,0.050860704
GIUL21,INDEX,10/1/2024,10/31/2024,0.04983221
GIUL21,INXFEE,7/1/2021,7/31/2021,0.026228994
GIUL21,INXFEE,8/1/2021,8/31/2021,0.034649021
GIUL21,INXFEE,9/1/2021,9/30/2021,0.031292076
GIUL21,INXFEE,10/1/2021,10/31/2021,0.036849942
GIUL21,INXFEE,11/1/2021,11/30/2021,0.038053303
GIUL21,INXFEE,12/1/2021,12/31/2021,0.03529938
GIUL21,INXFEE,1/1/2022,1/31/2022,0.038946459
GIUL21,INXFEE,2/1/2022,2/28/2022,0.041454493
GIUL21,INXFEE,3/1/2022,3/31/2022,0.050874986
GIUL21,INXFEE,4/1/2022,4/30/2022,0.050165742
GIUL21,INXFEE,5/1/2022,5/31/2022,0.055301698
GIUL21,INXFEE,6/1/2022,6/30/2022,0.065592403
GIUL21,INXFEE,7/1/2022,7/31/2022,0.0629956
GIUL21,INXFEE,8/1/2022,8/31/2022,0.059858235
GIUL21,INXFEE,9/1/2022,9/30/2022,0.054223901
GIUL21,INXFEE,10/1/2022,10/31/2022,0.06723776
GIUL21,INXFEE,11/1/2022,11/30/2022,0.077498503
GIUL21,INXFEE,12/1/2022,12/31/2022,0.069137118
GIUL21,INXFEE,1/1/2023,1/31/2023,0.056989052
GIUL21,INXFEE,2/1/2023,2/28/2023,0.050962358
GIUL21,INXFEE,3/1/2023,3/31/2023,0.038350212
GIUL21,INXFEE,4/1/2023,4/30/2023,0.044813134
GIUL21,INXFEE,5/1/2023,5/31/2023,0.034796653
GIUL21,INXFEE,6/1/2023,6/30/2023,0.034234943
GIUL21,INXFEE,7/1/2023,7/31/2023,0.031542353
GIUL21,INXFEE,8/1/2023,8/31/2023,0.031542353
GIUL21,INXFEE,9/1/2023,9/30/2023,0.040344144
GIUL21,INXFEE,10/1/2023,10/31/2023,0.036240587
GIUL21,INXFEE,11/1/2023,11/30/2023,0.041617547
GIUL21,INXFEE,12/1/2023,12/31/2023,0.037228234
GIUL21,INXFEE,1/1/2024,1/31/2024,0.033607457
GIUL21,INXFEE,2/1/2024,2/29/2024,0.030293767
GIUL21,INXFEE,3/1/2024,3/31/2024,0.0332774
GIUL21,INXFEE,4/1/2024,4/30/2024,0.035111255
GIUL21,INXFEE,5/1/2024,5/31/2024,0.038357234
GIUL21,INXFEE,6/1/2024,6/30/2024,0.0317638
GIUL21,INXFEE,7/1/2024,7/31/2024,0.031146683
GIUL21,INXFEE,8/1/2024,8/31/2024,0.030293293
GIUL21,INXFEE,9/1/2024,9/30/2024,0.029763489
GIUL21,INXFEE,10/1/2024,10/31/2024,0.029980594
GIUL21,MARPRT,7/1/2021,7/31/2021,0.026430859
GIUL21,MARPRT,8/1/2021,8/31/2021,0.026378035
GIUL21,MARPRT,9/1/2021,9/30/2021,0.026378035
GIUL21,MARPRT,10/1/2021,10/31/2021,0.02627258
GIUL21,MARPRT,11/1/2021,11/30/2021,0.026378035
GIUL21,MARPRT,12/1/2021,12/31/2021,0.027230936
GIUL21,MARPRT,1/1/2022,1/31/2022,0.027663544
GIUL21,MARPRT,2/1/2022,2/28/2022,0.028874295
GIUL21,MARPRT,3/1/2022,3/31/2022,0.032869667
GIUL21,MARPRT,4/1/2022,4/30/2022,0.025905515
GIUL21,MARPRT,5/1/2022,5/31/2022,0.025905515
GIUL21,MARPRT,6/1/2022,6/30/2022,0.025905515
GIUL21,MARPRT,7/1/2022,7/31/2022,0.025905515
GIUL21,MARPRT,8/1/2022,8/31/2022,0.025905515
GIUL21,MARPRT,9/1/2022,9/30/2022,0.025905515
GIUL21,MARPRT,10/1/2022,10/31/2022,0.025905515
GIUL21,MARPRT,11/1/2022,11/30/2022,0.025905515
GIUL21,MARPRT,12/1/2022,12/31/2022,0.0240179
GIUL21,MARPRT,1/1/2023,1/31/2023,0.0240179
GIUL21,MARPRT,2/1/2023,2/28/2023,0.0238
GIUL21,MARPRT,3/1/2023,3/31/2023,0.022030158
GIUL21,MARPRT,4/1/2023,4/30/2023,0.022030158
GIUL21,MARPRT,5/1/2023,5/31/2023,0.0216
GIUL21,MARPRT,6/1/2023,6/30/2023,0.021707331
GIUL21,MARPRT,7/1/2023,7/31/2023,0.022141478
GIUL21,MARPRT,8/1/2023,8/31/2023,0.022141478
GIUL21,MARPRT,9/1/2023,9/30/2023,0.022235244
GIUL21,MARPRT,10/1/2023,10/31/2023,0.022337997
GIUL21,MARPRT,11/1/2023,11/30/2023,0.022235997
GIUL21,MARPRT,12/1/2023,12/31/2023,0.0222
GIUL21,MARPRT,1/1/2024,1/31/2024,0.0222
GIUL21,MARPRT,2/1/2024,2/29/2024,0.022439997
GIUL21,MARPRT,3/1/2024,3/31/2024,0.022745997
GIUL21,MARPRT,4/1/2024,4/30/2024,0.022745997
GIUL21,MARPRT,5/1/2024,5/31/2024,0.022541997
GIUL21,MARPRT,6/1/2024,6/30/2024,0.0225
GIUL21,MARPRT,7/1/2024,7/31/2024,0.022847997
GIUL21,MARPRT,8/1/2024,8/31/2024,0.055158229
GIUL21,MARPRT,9/1/2024,9/30/2024,0.051815224
GIUL21,MARPRT,10/1/2024,10/31/2024,0.023051997
GIUL21,NASIDX,7/1/2021,7/31/2021,0.041086354
GIUL21,NASIDX,8/1/2021,8/31/2021,0.040959642
GIUL21,NASIDX,9/1/2021,9/30/2021,0.041993014
GIUL21,NASIDX,10/1/2021,10/31/2021,0.042637163
GIUL21,NASIDX,11/1/2021,11/30/2021,0.043129306
GIUL21,NASIDX,12/1/2021,12/31/2021,0.041612886
GIUL21,NASIDX,1/1/2022,1/31/2022,0.043019713
GIUL21,NASIDX,2/1/2022,2/28/2022,0.042853608
GIUL21,NASIDX,3/1/2022,3/31/2022,0.04409147
GIUL21,NASIDX,4/1/2022,4/30/2022,0.044451339
GIUL21,NASIDX,5/1/2022,5/31/2022,0.044633677
GIUL21,NASIDX,6/1/2022,6/30/2022,0.044296411
GIUL21,NASIDX,7/1/2022,7/31/2022,0.044081635
GIUL21,NASIDX,8/1/2022,8/31/2022,0.044685394
GIUL21,NASIDX,9/1/2022,9/30/2022,0.047228989
GIUL21,NASIDX,10/1/2022,10/31/2022,0.047185468
GIUL21,NASIDX,11/1/2022,11/30/2022,0.046627771
GIUL21,NASIDX,12/1/2022,12/31/2022,0.046943553
GIUL21,NASIDX,1/1/2023,1/31/2023,0.050466237
GIUL21,NASIDX,2/1/2023,2/28/2023,0.05041292
GIUL21,NASIDX,3/1/2023,3/31/2023,0.049689302
GIUL21,NASIDX,4/1/2023,4/30/2023,0.049679123
GIUL21,NASIDX,5/1/2023,5/31/2023,0.0503335
GIUL21,NASIDX,6/1/2023,6/30/2023,0.050838371
GIUL21,NASIDX,7/1/2023,7/31/2023,0.050470133
GIUL21,NASIDX,8/1/2023,8/31/2023,0.050470133
GIUL21,NASIDX,9/1/2023,9/30/2023,0.049692203
GIUL21,NASIDX,10/1/2023,10/31/2023,0.049478786
GIUL21,NASIDX,11/1/2023,11/30/2023,0.049590129
GIUL21,NASIDX,12/1/2023,12/31/2023,0.049505233
GIUL21,NASIDX,1/1/2024,1/31/2024,0.049219065
GIUL21,NASIDX,2/1/2024,2/29/2024,0.048832544
GIUL21,NASIDX,3/1/2024,3/31/2024,0.045607634
GIUL21,NASIDX,4/1/2024,4/30/2024,0.047883511
GIUL21,NASIDX,5/1/2024,5/31/2024,0.048090339
GIUL21,NASIDX,6/1/2024,6/30/2024,0.04735405
GIUL21,NASIDX,7/1/2024,7/31/2024,0.047924445
GIUL21,NASIDX,8/1/2024,8/31/2024,0.047145653
GIUL21,NASIDX,9/1/2024,9/30/2024,0.047432151
GIUL21,NASIDX,10/1/2024,10/31/2024,0.046801492
GIUL23,INDEX,7/1/2024,7/31/2024,0.05055378
GIUL23,INDEX,8/1/2024,8/31/2024,0.049925282
GIUL23,INDEX,9/1/2024,9/30/2024,0.050860704
GIUL23,INDEX,10/1/2024,10/31/2024,0.050845407
GIUL23,INXFEE,7/1/2024,7/31/2024,0.031146683
GIUL23,INXFEE,8/1/2024,8/31/2024,0.030293293
GIUL23,INXFEE,9/1/2024,9/30/2024,0.029763489
GIUL23,INXFEE,10/1/2024,10/31/2024,0.029980594
GIUL23,MARPRT,7/1/2024,7/31/2024,0.022847997
GIUL23,MARPRT,8/1/2024,8/31/2024,0.022949997
GIUL23,MARPRT,9/1/2024,9/30/2024,0.022847997
GIUL23,MARPRT,10/1/2024,10/31/2024,0.023051997
GIUL23,NASIDX,7/1/2024,7/31/2024,0.048967153
GIUL23,NASIDX,8/1/2024,8/31/2024,0.048173871
GIUL23,NASIDX,9/1/2024,9/30/2024,0.04848043
GIUL23,NASIDX,10/1/2024,10/31/2024,0.047841749
IUL08,INDEX,4/1/2021,4/30/2021,0.0466
IUL08,INDEX,5/1/2021,5/31/2021,0.0444
IUL08,INDEX,6/1/2021,6/30/2021,0.0458
IUL08,INDEX,7/1/2021,7/31/2021,0.0456
IUL08,INDEX,8/1/2021,8/31/2021,0.0474
IUL08,INDEX,9/1/2021,9/30/2021,0.0463
IUL08,INDEX,10/1/2021,10/31/2021,0.0487
IUL08,INDEX,11/1/2021,11/30/2021,0.0486
IUL08,INDEX,12/1/2021,12/31/2021,0.0476
IUL08,INDEX,1/1/2022,1/31/2022,0.0493
IUL08,INDEX,2/1/2022,2/28/2022,0.0494
IUL08,INDEX,3/1/2022,3/31/2022,0.0508
IUL08,INDEX,4/1/2022,4/30/2022,0.0512
IUL08,INDEX,5/1/2022,5/31/2022,0.0515
IUL08,INDEX,6/1/2022,6/30/2022,0.05
IUL08,INDEX,7/1/2022,7/31/2022,0.0496
IUL08,INDEX,8/1/2022,8/31/2022,0.0509
IUL08,INDEX,9/1/2022,9/30/2022,0.0537
IUL08,INDEX,10/1/2022,10/31/2022,0.0528
IUL08,INDEX,11/1/2022,11/30/2022,0.0519
IUL08,INDEX,12/1/2022,12/31/2022,0.0529
IUL08,INDEX,1/1/2023,1/31/2023,0.0569
IUL08,INDEX,2/1/2023,2/28/2023,0.0538
IUL08,INDEX,3/1/2023,3/31/2023,0.0538
IUL08,INDEX,4/1/2023,4/30/2023,0.0531
IUL08,INDEX,5/1/2023,5/31/2023,0.0541
IUL08,INDEX,6/1/2023,6/30/2023,0.0547
IUL08,INDEX,7/1/2023,7/31/2023,0.0556
IUL08,INDEX,8/1/2023,8/31/2023,0.0556
IUL08,INDEX,9/1/2023,9/30/2023,0.0544
IUL08,INDEX,10/1/2023,10/31/2023,0.0541
IUL08,INDEX,11/1/2023,11/30/2023,0.0539
IUL08,INDEX,12/1/2023,12/31/2023,0.0533
IUL08,INDEX,1/1/2024,1/31/2024,0.0529
IUL08,INDEX,2/1/2024,2/29/2024,0.0517
IUL08,INDEX,3/1/2024,3/31/2024,0.0522
IUL08,INDEX,4/1/2024,4/30/2024,0.0513
IUL08,INDEX,5/1/2024,5/31/2024,0.0519
IUL08,INDEX,6/1/2024,6/30/2024,0.051
IUL08,INDEX,7/1/2024,7/31/2024,0.0515
IUL08,INDEX,8/1/2024,8/31/2024,0.0509
IUL08,INDEX,9/1/2024,9/30/2024,0.0518
IUL08,INDEX,10/1/2024,10/31/2024,0.0518
IUL08,INX150,4/1/2021,4/30/2021,0.032
IUL08,INX150,5/1/2021,5/31/2021,0.0305
IUL08,INX150,6/1/2021,6/30/2021,0.0314
IUL08,INXFEE,4/1/2021,4/30/2021,0.0409
IUL08,INXFEE,5/1/2021,5/31/2021,0.0311
IUL08,INXFEE,6/1/2021,6/30/2021,0.0308
IUL08,INXSPC,4/1/2021,4/30/2021,0.0445
IUL08,INXSPC,5/1/2021,5/31/2021,0.0449
IUL08,INXSPC,6/1/2021,6/30/2021,0.0448
IUL14,INDEX,4/1/2021,4/30/2021,0.0466
IUL14,INDEX,5/1/2021,5/31/2021,0.0444
IUL14,INDEX,6/1/2021,6/30/2021,0.0458
IUL14,INDEX,7/1/2021,7/31/2021,0.0456
IUL14,INDEX,8/1/2021,8/31/2021,0.0474
IUL14,INDEX,9/1/2021,9/30/2021,0.0463
IUL14,INDEX,10/1/2021,10/31/2021,0.0487
IUL14,INDEX,11/1/2021,11/30/2021,0.0486
IUL14,INDEX,12/1/2021,12/31/2021,0.0476
IUL14,INDEX,1/1/2022,1/31/2022,0.0493
IUL14,INDEX,2/1/2022,2/28/2022,0.0494
IUL14,INDEX,3/1/2022,3/31/2022,0.0508
IUL14,INDEX,4/1/2022,4/30/2022,0.0512
IUL14,INDEX,5/1/2022,5/31/2022,0.0515
IUL14,INDEX,6/1/2022,6/30/2022,0.05
IUL14,INDEX,7/1/2022,7/31/2022,0.0496
IUL14,INDEX,8/1/2022,8/31/2022,0.0509
IUL14,INDEX,9/1/2022,9/30/2022,0.0537
IUL14,INDEX,10/1/2022,10/31/2022,0.0528
IUL14,INDEX,11/1/2022,11/30/2022,0.0519
IUL14,INDEX,12/1/2022,12/31/2022,0.0529
IUL14,INDEX,1/1/2023,1/31/2023,0.0569
IUL14,INDEX,2/1/2023,2/28/2023,0.0538
IUL14,INDEX,3/1/2023,3/31/2023,0.0538
IUL14,INDEX,4/1/2023,4/30/2023,0.0531
IUL14,INDEX,5/1/2023,5/31/2023,0.0541
IUL14,INDEX,6/1/2023,6/30/2023,0.0547
IUL14,INDEX,7/1/2023,7/31/2023,0.0556
IUL14,INDEX,8/1/2023,8/31/2023,0.0556
IUL14,INDEX,9/1/2023,9/30/2023,0.0544
IUL14,INDEX,10/1/2023,10/31/2023,0.0541
IUL14,INDEX,11/1/2023,11/30/2023,0.0539
IUL14,INDEX,12/1/2023,12/31/2023,0.0533
IUL14,INDEX,1/1/2024,1/31/2024,0.0529
IUL14,INDEX,2/1/2024,2/29/2024,0.0517
IUL14,INDEX,3/1/2024,3/31/2024,0.0522
IUL14,INDEX,4/1/2024,4/30/2024,0.0513
IUL14,INDEX,5/1/2024,5/31/2024,0.0519
IUL14,INDEX,6/1/2024,6/30/2024,0.051
IUL14,INDEX,7/1/2024,7/31/2024,0.0515
IUL14,INDEX,8/1/2024,8/31/2024,0.0509
IUL14,INDEX,9/1/2024,9/30/2024,0.0518
IUL14,INDEX,10/1/2024,10/31/2024,0.0518
IUL14,INX150,4/1/2021,4/30/2021,0.032
IUL14,INX150,5/1/2021,5/31/2021,0.0305
IUL14,INX150,6/1/2021,6/30/2021,0.0314
IUL14,INX150,7/1/2021,7/31/2021,0.0313
IUL14,INX150,8/1/2021,8/31/2021,0.0325
IUL14,INX150,9/1/2021,9/30/2021,0.0318
IUL14,INX150,10/1/2021,10/31/2021,0.0334
IUL14,INX150,11/1/2021,11/30/2021,0.0334
IUL14,INX150,12/1/2021,12/31/2021,0.0327
IUL14,INX150,1/1/2022,1/31/2022,0.0338
IUL14,INX150,2/1/2022,2/28/2022,0.0339
IUL14,INX150,3/1/2022,3/31/2022,0.0348
IUL14,INX150,4/1/2022,4/30/2022,0.0351
IUL14,INX150,5/1/2022,5/31/2022,0.0353
IUL14,INX150,6/1/2022,6/30/2022,0.0342
IUL14,INX150,7/1/2022,7/31/2022,0.034
IUL14,INX150,8/1/2022,8/31/2022,0.0349
IUL14,INX150,9/1/2022,9/30/2022,0.0377
IUL14,INX150,10/1/2022,10/31/2022,0.037
IUL14,INX150,11/1/2022,11/30/2022,0.0363
IUL14,INX150,12/1/2022,12/31/2022,0.0371
IUL14,INX150,1/1/2023,1/31/2023,0.0383
IUL14,INX150,2/1/2023,2/28/2023,0.0377
IUL14,INX150,3/1/2023,3/31/2023,0.0378
IUL14,INX150,4/1/2023,4/30/2023,0.0373
IUL14,INX150,5/1/2023,5/31/2023,0.038
IUL14,INX150,6/1/2023,6/30/2023,0.0384
IUL14,INX150,7/1/2023,7/31/2023,0.0391
IUL14,INX150,8/1/2023,8/31/2023,0.0391
IUL14,INX150,9/1/2023,9/30/2023,0.039
IUL14,INX150,10/1/2023,10/31/2023,0.0388
IUL14,INX150,11/1/2023,11/30/2023,0.0386
IUL14,INX150,12/1/2023,12/31/2023,0.0382
IUL14,INX150,1/1/2024,1/31/2024,0.0379
IUL14,INX150,2/1/2024,2/29/2024,0.037
IUL14,INX150,3/1/2024,3/31/2024,0.0374
IUL14,INX150,4/1/2024,4/30/2024,0.0367
IUL14,INX150,5/1/2024,5/31/2024,0.0371
IUL14,INX150,6/1/2024,6/30/2024,0.0365
IUL14,INX150,7/1/2024,7/31/2024,0.0369
IUL14,INX150,8/1/2024,8/31/2024,0.0364
IUL14,INX150,9/1/2024,9/30/2024,0.0371
IUL14,INX150,10/1/2024,10/31/2024,0.0371
IUL14,INXFEE,4/1/2021,4/30/2021,0.0409
IUL14,INXFEE,5/1/2021,5/31/2021,0.0311
IUL14,INXFEE,6/1/2021,6/30/2021,0.0308
IUL14,INXFEE,7/1/2021,7/31/2021,0.029
IUL14,INXFEE,8/1/2021,8/31/2021,0.039
IUL14,INXFEE,9/1/2021,9/30/2021,0.0355
IUL14,INXFEE,10/1/2021,10/31/2021,0.0414
IUL14,INXFEE,11/1/2021,11/30/2021,0.0427
IUL14,INXFEE,12/1/2021,12/31/2021,0.0398
IUL14,INXFEE,1/1/2022,1/31/2022,0.0436
IUL14,INXFEE,2/1/2022,2/28/2022,0.0462
IUL14,INXFEE,3/1/2022,3/31/2022,0.0559
IUL14,INXFEE,4/1/2022,4/30/2022,0.0552
IUL14,INXFEE,5/1/2022,5/31/2022,0.0604
IUL14,INXFEE,6/1/2022,6/30/2022,0.0705
IUL14,INXFEE,7/1/2022,7/31/2022,0.0676
IUL14,INXFEE,8/1/2022,8/31/2022,0.0646
IUL14,INXFEE,9/1/2022,9/30/2022,0.0589
IUL14,INXFEE,10/1/2022,10/31/2022,0.0719
IUL14,INXFEE,11/1/2022,11/30/2022,0.0822
IUL14,INXFEE,12/1/2022,12/31/2022,0.0739
IUL14,INXFEE,1/1/2023,1/31/2023,0.0615
IUL14,INXFEE,2/1/2023,2/28/2023,0.0553
IUL14,INXFEE,3/1/2023,3/31/2023,0.0426
IUL14,INXFEE,4/1/2023,4/30/2023,0.0491
IUL14,INXFEE,5/1/2023,5/31/2023,0.0389
IUL14,INXFEE,6/1/2023,6/30/2023,0.0385
IUL14,INXFEE,7/1/2023,7/31/2023,0.0361
IUL14,INXFEE,8/1/2023,8/31/2023,0.0361
IUL14,INXFEE,9/1/2023,9/30/2023,0.0451
IUL14,INXFEE,10/1/2023,10/31/2023,0.0409
IUL14,INXFEE,11/1/2023,11/30/2023,0.0463
IUL14,INXFEE,12/1/2023,12/31/2023,0.0418
IUL14,INXFEE,1/1/2024,1/31/2024,0.0381
IUL14,INXFEE,2/1/2024,2/29/2024,0.0346
IUL14,INXFEE,3/1/2024,3/31/2024,0.0376
IUL14,INXFEE,4/1/2024,4/30/2024,0.0394
IUL14,INXFEE,5/1/2024,5/31/2024,0.0428
IUL14,INXFEE,6/1/2024,6/30/2024,0.036
IUL14,INXFEE,7/1/2024,7/31/2024,0.0354
IUL14,INXFEE,8/1/2024,8/31/2024,0.0344
IUL14,INXFEE,9/1/2024,9/30/2024,0.034
IUL14,INXFEE,10/1/2024,10/31/2024,0.0343
IUL14,INXSPC,4/1/2021,4/30/2021,0.0445
IUL14,INXSPC,5/1/2021,5/31/2021,0.0449
IUL14,INXSPC,6/1/2021,6/30/2021,0.0448
IUL14,INXSPC,7/1/2021,7/31/2021,0.0448
IUL14,INXSPC,8/1/2021,8/31/2021,0.0448
IUL14,INXSPC,9/1/2021,9/30/2021,0.0448
IUL14,INXSPC,10/1/2021,10/31/2021,0.0448
IUL14,INXSPC,11/1/2021,11/30/2021,0.0447
IUL14,INXSPC,12/1/2021,12/31/2021,0.0452
IUL14,INXSPC,1/1/2022,1/31/2022,0.0452
IUL14,INXSPC,2/1/2022,2/28/2022,0.0455
IUL14,INXSPC,3/1/2022,3/31/2022,0.0461
IUL14,INXSPC,4/1/2022,4/30/2022,0.0467
IUL14,INXSPC,5/1/2022,5/31/2022,0.047
IUL14,INXSPC,6/1/2022,6/30/2022,0.0468
IUL14,INXSPC,7/1/2022,7/31/2022,0.0473
IUL14,INXSPC,8/1/2022,8/31/2022,0.0481
IUL14,INXSPC,9/1/2022,9/30/2022,0.0491
IUL14,INXSPC,10/1/2022,10/31/2022,0.0487
IUL14,INXSPC,11/1/2022,11/30/2022,0.0483
IUL14,INXSPC,12/1/2022,12/31/2022,0.0498
IUL14,INXSPC,1/1/2023,1/31/2023,0.0501
IUL14,INXSPC,2/1/2023,2/28/2023,0.0508
IUL14,INXSPC,3/1/2023,3/31/2023,0.0519
IUL14,INXSPC,4/1/2023,4/30/2023,0.0514
IUL14,INXSPC,5/1/2023,5/31/2023,0.0521
IUL14,INXSPC,6/1/2023,6/30/2023,0.0519
IUL14,INXSPC,7/1/2023,7/31/2023,0.0546
IUL14,INXSPC,8/1/2023,8/31/2023,0.0546
IUL14,INXSPC,9/1/2023,9/30/2023,0.0531
IUL14,INXSPC,10/1/2023,10/31/2023,0.0541
IUL14,INXSPC,11/1/2023,11/30/2023,0.0529
IUL14,INXSPC,12/1/2023,12/31/2023,0.0537
IUL14,INXSPC,1/1/2024,1/31/2024,0.054
IUL14,INXSPC,2/1/2024,2/29/2024,0.0537
IUL14,INXSPC,3/1/2024,3/31/2024,0.0544
IUL14,INXSPC,4/1/2024,4/30/2024,0.0543
IUL14,INXSPC,5/1/2024,5/31/2024,0.0539
IUL14,INXSPC,6/1/2024,6/30/2024,0.0553
IUL14,INXSPC,7/1/2024,7/31/2024,0.0551
IUL14,INXSPC,8/1/2024,8/31/2024,0.0549
IUL14,INXSPC,9/1/2024,9/30/2024,0.0533
IUL14,INXSPC,10/1/2024,10/31/2024,0.0521
IUL14B,INDEX,4/1/2021,4/30/2021,0.0366
IUL14B,INDEX,5/1/2021,5/31/2021,0.0354
IUL14B,INDEX,6/1/2021,6/30/2021,0.0364
IUL14B,INDEX,7/1/2021,7/31/2021,0.0364
IUL14B,INDEX,8/1/2021,8/31/2021,0.0376
IUL14B,INDEX,9/1/2021,9/30/2021,0.0369
IUL14B,INDEX,10/1/2021,10/31/2021,0.0384
IUL14B,INDEX,11/1/2021,11/30/2021,0.0381
IUL14B,INDEX,12/1/2021,12/31/2021,0.0376
IUL14B,INDEX,1/1/2022,1/31/2022,0.0387
IUL14B,INDEX,2/1/2022,2/28/2022,0.0387
IUL14B,INDEX,3/1/2022,3/31/2022,0.0393
IUL14B,INDEX,4/1/2022,4/30/2022,0.0396
IUL14B,INDEX,5/1/2022,5/31/2022,0.0397
IUL14B,INDEX,6/1/2022,6/30/2022,0.0384
IUL14B,INDEX,7/1/2022,7/31/2022,0.0381
IUL14B,INDEX,8/1/2022,8/31/2022,0.0391
IUL14B,INDEX,9/1/2022,9/30/2022,0.0421
IUL14B,INDEX,10/1/2022,10/31/2022,0.0411
IUL14B,INDEX,11/1/2022,11/30/2022,0.0403
IUL14B,INDEX,12/1/2022,12/31/2022,0.0412
IUL14B,INDEX,1/1/2023,1/31/2023,0.0425
IUL14B,INDEX,2/1/2023,2/28/2023,0.042
IUL14B,INDEX,3/1/2023,3/31/2023,0.0422
IUL14B,INDEX,4/1/2023,4/30/2023,0.0415
IUL14B,INDEX,5/1/2023,5/31/2023,0.0425
IUL14B,INDEX,6/1/2023,6/30/2023,0.0429
IUL14B,INDEX,7/1/2023,7/31/2023,0.0444
IUL14B,INDEX,8/1/2023,8/31/2023,0.0444
IUL14B,INDEX,9/1/2023,9/30/2023,0.0425
IUL14B,INDEX,10/1/2023,10/31/2023,0.0425
IUL14B,INDEX,11/1/2023,11/30/2023,0.0421
IUL14B,INDEX,12/1/2023,12/31/2023,0.0418
IUL14B,INDEX,1/1/2024,1/31/2024,0.0418
IUL14B,INDEX,2/1/2024,2/29/2024,0.041
IUL14B,INDEX,3/1/2024,3/31/2024,0.0413
IUL14B,INDEX,4/1/2024,4/30/2024,0.0406
IUL14B,INDEX,5/1/2024,5/31/2024,0.0409
IUL14B,INDEX,6/1/2024,6/30/2024,0.0404
IUL14B,INDEX,7/1/2024,7/31/2024,0.0409
IUL14B,INDEX,8/1/2024,8/31/2024,0.0405
IUL14B,INDEX,9/1/2024,9/30/2024,0.0411
IUL14B,INDEX,10/1/2024,10/31/2024,0.0411
IUL14B,INX150,4/1/2021,4/30/2021,0.0211
IUL14B,INX150,5/1/2021,5/31/2021,0.0205
IUL14B,INX150,6/1/2021,6/30/2021,0.0211
IUL14B,INX150,7/1/2021,7/31/2021,0.021
IUL14B,INX150,8/1/2021,8/31/2021,0.0217
IUL14B,INX150,9/1/2021,9/30/2021,0.0213
IUL14B,INX150,10/1/2021,10/31/2021,0.0221
IUL14B,INX150,11/1/2021,11/30/2021,0.0219
IUL14B,INX150,12/1/2021,12/31/2021,0.0217
IUL14B,INX150,1/1/2022,1/31/2022,0.0223
IUL14B,INX150,2/1/2022,2/28/2022,0.0222
IUL14B,INX150,3/1/2022,3/31/2022,0.0225
IUL14B,INX150,4/1/2022,4/30/2022,0.0227
IUL14B,INX150,5/1/2022,5/31/2022,0.0227
IUL14B,INX150,6/1/2022,6/30/2022,0.022
IUL14B,INX150,7/1/2022,7/31/2022,0.0218
IUL14B,INX150,8/1/2022,8/31/2022,0.0224
IUL14B,INX150,9/1/2022,9/30/2022,0.0253
IUL14B,INX150,10/1/2022,10/31/2022,0.0247
IUL14B,INX150,11/1/2022,11/30/2022,0.0242
IUL14B,INX150,12/1/2022,12/31/2022,0.0248
IUL14B,INX150,1/1/2023,1/31/2023,0.0256
IUL14B,INX150,2/1/2023,2/28/2023,0.0253
IUL14B,INX150,3/1/2023,3/31/2023,0.0253
IUL14B,INX150,4/1/2023,4/30/2023,0.0249
IUL14B,INX150,5/1/2023,5/31/2023,0.0256
IUL14B,INX150,6/1/2023,6/30/2023,0.0258
IUL14B,INX150,7/1/2023,7/31/2023,0.0268
IUL14B,INX150,8/1/2023,8/31/2023,0.0268
IUL14B,INX150,9/1/2023,9/30/2023,0.0264
IUL14B,INX150,10/1/2023,10/31/2023,0.0263
IUL14B,INX150,11/1/2023,11/30/2023,0.0261
IUL14B,INX150,12/1/2023,12/31/2023,0.0259
IUL14B,INX150,1/1/2024,1/31/2024,0.0259
IUL14B,INX150,2/1/2024,2/29/2024,0.0254
IUL14B,INX150,3/1/2024,3/31/2024,0.0256
IUL14B,INX150,4/1/2024,4/30/2024,0.0252
IUL14B,INX150,5/1/2024,5/31/2024,0.0254
IUL14B,INX150,6/1/2024,6/30/2024,0.0251
IUL14B,INX150,7/1/2024,7/31/2024,0.0347
IUL14B,INX150,8/1/2024,8/31/2024,0.0343
IUL14B,INX150,9/1/2024,9/30/2024,0.035
IUL14B,INX150,10/1/2024,10/31/2024,0.0255
IUL14B,INXFEE,4/1/2021,4/30/2021,0.0375
IUL14B,INXFEE,5/1/2021,5/31/2021,0.028
IUL14B,INXFEE,6/1/2021,6/30/2021,0.0276
IUL14B,INXFEE,7/1/2021,7/31/2021,0.0259
IUL14B,INXFEE,8/1/2021,8/31/2021,0.0346
IUL14B,INXFEE,9/1/2021,9/30/2021,0.0313
IUL14B,INXFEE,10/1/2021,10/31/2021,0.0368
IUL14B,INXFEE,11/1/2021,11/30/2021,0.0381
IUL14B,INXFEE,12/1/2021,12/31/2021,0.0353
IUL14B,INXFEE,1/1/2022,1/31/2022,0.0389
IUL14B,INXFEE,2/1/2022,2/28/2022,0.0415
IUL14B,INXFEE,3/1/2022,3/31/2022,0.0509
IUL14B,INXFEE,4/1/2022,4/30/2022,0.0502
IUL14B,INXFEE,5/1/2022,5/31/2022,0.0553
IUL14B,INXFEE,6/1/2022,6/30/2022,0.0656
IUL14B,INXFEE,7/1/2022,7/31/2022,0.063
IUL14B,INXFEE,8/1/2022,8/31/2022,0.0599
IUL14B,INXFEE,9/1/2022,9/30/2022,0.0542
IUL14B,INXFEE,10/1/2022,10/31/2022,0.0672
IUL14B,INXFEE,11/1/2022,11/30/2022,0.0775
IUL14B,INXFEE,12/1/2022,12/31/2022,0.0691
IUL14B,INXFEE,1/1/2023,1/31/2023,0.057
IUL14B,INXFEE,2/1/2023,2/28/2023,0.051
IUL14B,INXFEE,3/1/2023,3/31/2023,0.0384
IUL14B,INXFEE,4/1/2023,4/30/2023,0.0448
IUL14B,INXFEE,5/1/2023,5/31/2023,0.0348
IUL14B,INXFEE,6/1/2023,6/30/2023,0.0342
IUL14B,INXFEE,7/1/2023,7/31/2023,0.0236
IUL14B,INXFEE,8/1/2023,8/31/2023,0.0236
IUL14B,INXFEE,9/1/2023,9/30/2023,0.0318
IUL14B,INXFEE,10/1/2023,10/31/2023,0.0362
IUL14B,INXFEE,11/1/2023,11/30/2023,0.0416
IUL14B,INXFEE,12/1/2023,12/31/2023,0.0372
IUL14B,INXFEE,1/1/2024,1/31/2024,0.0336
IUL14B,INXFEE,2/1/2024,2/29/2024,0.0303
IUL14B,INXFEE,3/1/2024,3/31/2024,0.0333
IUL14B,INXFEE,4/1/2024,4/30/2024,0.0351
IUL14B,INXFEE,5/1/2024,5/31/2024,0.0384
IUL14B,INXFEE,6/1/2024,6/30/2024,0.0318
IUL14B,INXFEE,7/1/2024,7/31/2024,0.0311
IUL14B,INXFEE,8/1/2024,8/31/2024,0.0303
IUL14B,INXFEE,9/1/2024,9/30/2024,0.0298
IUL14B,INXFEE,10/1/2024,10/31/2024,0.03
IUL14B,INXSPC,4/1/2021,4/30/2021,0.0356
IUL14B,INXSPC,5/1/2021,5/31/2021,0.0359
IUL14B,INXSPC,6/1/2021,6/30/2021,0.0359
IUL14B,INXSPC,7/1/2021,7/31/2021,0.0359
IUL14B,INXSPC,8/1/2021,8/31/2021,0.0358
IUL14B,INXSPC,9/1/2021,9/30/2021,0.0359
IUL14B,INXSPC,10/1/2021,10/31/2021,0.0358
IUL14B,INXSPC,11/1/2021,11/30/2021,0.0358
IUL14B,INXSPC,12/1/2021,12/31/2021,0.0362
IUL14B,INXSPC,1/1/2022,1/31/2022,0.0362
IUL14B,INXSPC,2/1/2022,2/28/2022,0.0364
IUL14B,INXSPC,3/1/2022,3/31/2022,0.0369
IUL14B,INXSPC,4/1/2022,4/30/2022,0.0373
IUL14B,INXSPC,5/1/2022,5/31/2022,0.0376
IUL14B,INXSPC,6/1/2022,6/30/2022,0.0374
IUL14B,INXSPC,7/1/2022,7/31/2022,0.0379
IUL14B,INXSPC,8/1/2022,8/31/2022,0.0385
IUL14B,INXSPC,9/1/2022,9/30/2022,0.0392
IUL14B,INXSPC,10/1/2022,10/31/2022,0.0389
IUL14B,INXSPC,11/1/2022,11/30/2022,0.0387
IUL14B,INXSPC,12/1/2022,12/31/2022,0.0399
IUL14B,INXSPC,1/1/2023,1/31/2023,0.0401
IUL14B,INXSPC,2/1/2023,2/28/2023,0.0406
IUL14B,INXSPC,3/1/2023,3/31/2023,0.0415
IUL14B,INXSPC,4/1/2023,4/30/2023,0.0411
IUL14B,INXSPC,5/1/2023,5/31/2023,0.0417
IUL14B,INXSPC,6/1/2023,6/30/2023,0.0416
IUL14B,INXSPC,7/1/2023,7/31/2023,0.0437
IUL14B,INXSPC,8/1/2023,8/31/2023,0.0437
IUL14B,INXSPC,9/1/2023,9/30/2023,0.0425
IUL14B,INXSPC,10/1/2023,10/31/2023,0.0433
IUL14B,INXSPC,11/1/2023,11/30/2023,0.0423
IUL14B,INXSPC,12/1/2023,12/31/2023,0.0429
IUL14B,INXSPC,1/1/2024,1/31/2024,0.0432
IUL14B,INXSPC,2/1/2024,2/29/2024,0.0429
IUL14B,INXSPC,3/1/2024,3/31/2024,0.0435
IUL14B,INXSPC,4/1/2024,4/30/2024,0.0435
IUL14B,INXSPC,5/1/2024,5/31/2024,0.0431
IUL14B,INXSPC,6/1/2024,6/30/2024,0.0442
IUL14B,INXSPC,7/1/2024,7/31/2024,0.0441
IUL14B,INXSPC,8/1/2024,8/31/2024,0.0439
IUL14B,INXSPC,9/1/2024,9/30/2024,0.0427
IUL14B,INXSPC,10/1/2024,10/31/2024,0.0417
IUL14BNY,INDEX,4/1/2021,4/30/2021,0.0387
IUL14BNY,INDEX,5/1/2021,5/31/2021,0.0374
IUL14BNY,INDEX,6/1/2021,6/30/2021,0.0384
IUL14BNY,INDEX,7/1/2021,7/31/2021,0.0384
IUL14BNY,INDEX,8/1/2021,8/31/2021,0.0397
IUL14BNY,INDEX,9/1/2021,9/30/2021,0.039
IUL14BNY,INDEX,10/1/2021,10/31/2021,0.0406
IUL14BNY,INDEX,11/1/2021,11/30/2021,0.0404
IUL14BNY,INDEX,12/1/2021,12/31/2021,0.0398
IUL14BNY,INDEX,1/1/2022,1/31/2022,0.0396
IUL14BNY,INDEX,2/1/2022,2/28/2022,0.0409
IUL14BNY,INDEX,3/1/2022,3/31/2022,0.0417
IUL14BNY,INDEX,4/1/2022,4/30/2022,0.0421
IUL14BNY,INDEX,5/1/2022,5/31/2022,0.0422
IUL14BNY,INDEX,6/1/2022,6/30/2022,0.0408
IUL14BNY,INDEX,7/1/2022,7/31/2022,0.0405
IUL14BNY,INDEX,8/1/2022,8/31/2022,0.0415
IUL14BNY,INDEX,9/1/2022,9/30/2022,0.0421
IUL14BNY,INDEX,10/1/2022,10/31/2022,0.0411
IUL14BNY,INDEX,11/1/2022,11/30/2022,0.0403
IUL14BNY,INDEX,12/1/2022,12/31/2022,0.0412
IUL14BNY,INDEX,1/1/2023,1/31/2023,0.0425
IUL14BNY,INDEX,2/1/2023,2/28/2023,0.042
IUL14BNY,INDEX,3/1/2023,3/31/2023,0.0422
IUL14BNY,INDEX,4/1/2023,4/30/2023,0.0415
IUL14BNY,INDEX,5/1/2023,5/31/2023,0.0425
IUL14BNY,INDEX,6/1/2023,6/30/2023,0.0429
IUL14BNY,INDEX,7/1/2023,7/31/2023,0.0444
IUL14BNY,INDEX,8/1/2023,8/31/2023,0.0444
IUL14BNY,INDEX,9/1/2023,9/30/2023,0.045
IUL14BNY,INDEX,10/1/2023,10/31/2023,0.0449
IUL14BNY,INDEX,11/1/2023,11/30/2023,0.0446
IUL14BNY,INDEX,12/1/2023,12/31/2023,0.0443
IUL14BNY,INDEX,1/1/2024,1/31/2024,0.0441
IUL14BNY,INDEX,2/1/2024,2/29/2024,0.0433
IUL14BNY,INDEX,3/1/2024,3/31/2024,0.0436
IUL14BNY,INDEX,4/1/2024,4/30/2024,0.0436
IUL14BNY,INDEX,5/1/2024,5/31/2024,0.0436
IUL14BNY,INDEX,6/1/2024,6/30/2024,0.0436
IUL14BNY,INDEX,7/1/2024,7/31/2024,0.0432
IUL14BNY,INDEX,8/1/2024,8/31/2024,0.0427
IUL14BNY,INDEX,9/1/2024,9/30/2024,0.0434
IUL14BNY,INDEX,10/1/2024,10/31/2024,0.0434
IUL14BNY,INX150,4/1/2021,4/30/2021,0.0187
IUL14BNY,INX150,5/1/2021,5/31/2021,0.0183
IUL14BNY,INX150,6/1/2021,6/30/2021,0.0188
IUL14BNY,INX150,7/1/2021,7/31/2021,0.0188
IUL14BNY,INX150,8/1/2021,8/31/2021,0.0193
IUL14BNY,INX150,9/1/2021,9/30/2021,0.019
IUL14BNY,INX150,10/1/2021,10/31/2021,0.0196
IUL14BNY,INX150,11/1/2021,11/30/2021,0.0194
IUL14BNY,INX150,12/1/2021,12/31/2021,0.0193
IUL14BNY,INX150,1/1/2022,1/31/2022,0.0192
IUL14BNY,INX150,2/1/2022,2/28/2022,0.0197
IUL14BNY,INX150,3/1/2022,3/31/2022,0.0199
IUL14BNY,INX150,4/1/2022,4/30/2022,0.02
IUL14BNY,INX150,5/1/2022,5/31/2022,0.0201
IUL14BNY,INX150,6/1/2022,6/30/2022,0.0194
IUL14BNY,INX150,7/1/2022,7/31/2022,0.0192
IUL14BNY,INX150,8/1/2022,8/31/2022,0.0197
IUL14BNY,INX150,9/1/2022,9/30/2022,0.0201
IUL14BNY,INX150,10/1/2022,10/31/2022,0.0195
IUL14BNY,INX150,11/1/2022,11/30/2022,0.0191
IUL14BNY,INX150,12/1/2022,12/31/2022,0.0196
IUL14BNY,INX150,1/1/2023,1/31/2023,0.0202
IUL14BNY,INX150,2/1/2023,2/28/2023,0.02
IUL14BNY,INX150,3/1/2023,3/31/2023,0.02
IUL14BNY,INX150,4/1/2023,4/30/2023,0.0197
IUL14BNY,INX150,5/1/2023,5/31/2023,0.0202
IUL14BNY,INX150,6/1/2023,6/30/2023,0.0204
IUL14BNY,INX150,7/1/2023,7/31/2023,0.0213
IUL14BNY,INX150,8/1/2023,8/31/2023,0.0213
IUL14BNY,INX150,9/1/2023,9/30/2023,0.025
IUL14BNY,INX150,10/1/2023,10/31/2023,0.025
IUL14BNY,INX150,11/1/2023,11/30/2023,0.0247
IUL14BNY,INX150,12/1/2023,12/31/2023,0.0246
IUL14BNY,INX150,1/1/2024,1/31/2024,0.0246
IUL14BNY,INX150,2/1/2024,2/29/2024,0.0242
IUL14BNY,INX150,3/1/2024,3/31/2024,0.0244
IUL14BNY,INX150,4/1/2024,4/30/2024,0.0244
IUL14BNY,INX150,5/1/2024,5/31/2024,0.0244
IUL14BNY,INX150,6/1/2024,6/30/2024,0.0244
IUL14BNY,INX150,7/1/2024,7/31/2024,0.0242
IUL14BNY,INX150,8/1/2024,8/31/2024,0.0239
IUL14BNY,INX150,9/1/2024,9/30/2024,0.0243
IUL14BNY,INX150,10/1/2024,10/31/2024,0.0242
IUL14BNY,INXFEE,4/1/2021,4/30/2021,0.0309
IUL14BNY,INXFEE,5/1/2021,5/31/2021,0.0223
IUL14BNY,INXFEE,6/1/2021,6/30/2021,0.0217
IUL14BNY,INXFEE,7/1/2021,7/31/2021,0.0201
IUL14BNY,INXFEE,8/1/2021,8/31/2021,0.022
IUL14BNY,INXFEE,9/1/2021,9/30/2021,0.0192
IUL14BNY,INXFEE,10/1/2021,10/31/2021,0.0234
IUL14BNY,INXFEE,11/1/2021,11/30/2021,0.0243
IUL14BNY,INXFEE,12/1/2021,12/31/2021,0.0224
IUL14BNY,INXFEE,1/1/2022,1/31/2022,0.0221
IUL14BNY,INXFEE,2/1/2022,2/28/2022,0.0333
IUL14BNY,INXFEE,3/1/2022,3/31/2022,0.0422
IUL14BNY,INXFEE,4/1/2022,4/30/2022,0.0415
IUL14BNY,INXFEE,5/1/2022,5/31/2022,0.0464
IUL14BNY,INXFEE,6/1/2022,6/30/2022,0.0569
IUL14BNY,INXFEE,7/1/2022,7/31/2022,0.0637
IUL14BNY,INXFEE,8/1/2022,8/31/2022,0.0606
IUL14BNY,INXFEE,9/1/2022,9/30/2022,0.0549
IUL14BNY,INXFEE,10/1/2022,10/31/2022,0.0679
IUL14BNY,INXFEE,11/1/2022,11/30/2022,0.0782
IUL14BNY,INXFEE,12/1/2022,12/31/2022,0.0698
IUL14BNY,INXFEE,1/1/2023,1/31/2023,0.0669
IUL14BNY,INXFEE,2/1/2023,2/28/2023,0.0605
IUL14BNY,INXFEE,3/1/2023,3/31/2023,0.0478
IUL14BNY,INXFEE,4/1/2023,4/30/2023,0.0543
IUL14BNY,INXFEE,5/1/2023,5/31/2023,0.0441
IUL14BNY,INXFEE,6/1/2023,6/30/2023,0.0437
IUL14BNY,INXFEE,7/1/2023,7/31/2023,0.0322
IUL14BNY,INXFEE,8/1/2023,8/31/2023,0.0322
IUL14BNY,INXFEE,9/1/2023,9/30/2023,0.0417
IUL14BNY,INXFEE,10/1/2023,10/31/2023,0.0376
IUL14BNY,INXFEE,11/1/2023,11/30/2023,0.043
IUL14BNY,INXFEE,12/1/2023,12/31/2023,0.0386
IUL14BNY,INXFEE,1/1/2024,1/31/2024,0.0349
IUL14BNY,INXFEE,2/1/2024,2/29/2024,0.0315
IUL14BNY,INXFEE,3/1/2024,3/31/2024,0.0346
IUL14BNY,INXFEE,4/1/2024,4/30/2024,0.0346
IUL14BNY,INXFEE,5/1/2024,5/31/2024,0.0346
IUL14BNY,INXFEE,6/1/2024,6/30/2024,0.0346
IUL14BNY,INXFEE,7/1/2024,7/31/2024,0.0324
IUL14BNY,INXFEE,8/1/2024,8/31/2024,0.0315
IUL14BNY,INXFEE,9/1/2024,9/30/2024,0.031
IUL14BNY,INXFEE,10/1/2024,10/31/2024,0.0312
IUL14BNY,INXSPC,4/1/2021,4/30/2021,0.0353
IUL14BNY,INXSPC,5/1/2021,5/31/2021,0.0356
IUL14BNY,INXSPC,6/1/2021,6/30/2021,0.0356
IUL14BNY,INXSPC,7/1/2021,7/31/2021,0.0356
IUL14BNY,INXSPC,8/1/2021,8/31/2021,0.0355
IUL14BNY,INXSPC,9/1/2021,9/30/2021,0.0356
IUL14BNY,INXSPC,10/1/2021,10/31/2021,0.0355
IUL14BNY,INXSPC,11/1/2021,11/30/2021,0.0355
IUL14BNY,INXSPC,12/1/2021,12/31/2021,0.0359
IUL14BNY,INXSPC,1/1/2022,1/31/2022,0.0357
IUL14BNY,INXSPC,2/1/2022,2/28/2022,0.0361
IUL14BNY,INXSPC,3/1/2022,3/31/2022,0.0366
IUL14BNY,INXSPC,4/1/2022,4/30/2022,0.037
IUL14BNY,INXSPC,5/1/2022,5/31/2022,0.0373
IUL14BNY,INXSPC,6/1/2022,6/30/2022,0.0371
IUL14BNY,INXSPC,7/1/2022,7/31/2022,0.0376
IUL14BNY,INXSPC,8/1/2022,8/31/2022,0.0382
IUL14BNY,INXSPC,9/1/2022,9/30/2022,0.0389
IUL14BNY,INXSPC,10/1/2022,10/31/2022,0.0386
IUL14BNY,INXSPC,11/1/2022,11/30/2022,0.0384
IUL14BNY,INXSPC,12/1/2022,12/31/2022,0.0395
IUL14BNY,INXSPC,1/1/2023,1/31/2023,0.0397
IUL14BNY,INXSPC,2/1/2023,2/28/2023,0.0403
IUL14BNY,INXSPC,3/1/2023,3/31/2023,0.0411
IUL14BNY,INXSPC,4/1/2023,4/30/2023,0.0408
IUL14BNY,INXSPC,5/1/2023,5/31/2023,0.0413
IUL14BNY,INXSPC,6/1/2023,6/30/2023,0.0412
IUL14BNY,INXSPC,7/1/2023,7/31/2023,0.0433
IUL14BNY,INXSPC,8/1/2023,8/31/2023,0.0433
IUL14BNY,INXSPC,9/1/2023,9/30/2023,0.0404
IUL14BNY,INXSPC,10/1/2023,10/31/2023,0.0411
IUL14BNY,INXSPC,11/1/2023,11/30/2023,0.0402
IUL14BNY,INXSPC,12/1/2023,12/31/2023,0.0408
IUL14BNY,INXSPC,1/1/2024,1/31/2024,0.041
IUL14BNY,INXSPC,2/1/2024,2/29/2024,0.0408
IUL14BNY,INXSPC,3/1/2024,3/31/2024,0.0413
IUL14BNY,INXSPC,4/1/2024,4/30/2024,0.0413
IUL14BNY,INXSPC,5/1/2024,5/31/2024,0.0413
IUL14BNY,INXSPC,6/1/2024,6/30/2024,0.0413
IUL14BNY,INXSPC,7/1/2024,7/31/2024,0.0419
IUL14BNY,INXSPC,8/1/2024,8/31/2024,0.0417
IUL14BNY,INXSPC,9/1/2024,9/30/2024,0.0405
IUL14BNY,INXSPC,10/1/2024,10/31/2024,0.0396
IUL14NY,INDEX,4/1/2021,4/30/2021,0.0428
IUL14NY,INDEX,5/1/2021,5/31/2021,0.041
IUL14NY,INDEX,6/1/2021,6/30/2021,0.0422
IUL14NY,INDEX,7/1/2021,7/31/2021,0.0421
IUL14NY,INDEX,8/1/2021,8/31/2021,0.0437
IUL14NY,INDEX,9/1/2021,9/30/2021,0.0428
IUL14NY,INDEX,10/1/2021,10/31/2021,0.0448
IUL14NY,INDEX,11/1/2021,11/30/2021,0.0446
IUL14NY,INDEX,12/1/2021,12/31/2021,0.0438
IUL14NY,INDEX,1/1/2022,1/31/2022,0.0436
IUL14NY,INDEX,2/1/2022,2/28/2022,0.0453
IUL14NY,INDEX,3/1/2022,3/31/2022,0.0463
IUL14NY,INDEX,4/1/2022,4/30/2022,0.0467
IUL14NY,INDEX,5/1/2022,5/31/2022,0.047
IUL14NY,INDEX,6/1/2022,6/30/2022,0.0455
IUL14NY,INDEX,7/1/2022,7/31/2022,0.0451
IUL14NY,INDEX,8/1/2022,8/31/2022,0.0463
IUL14NY,INDEX,9/1/2022,9/30/2022,0.0469
IUL14NY,INDEX,10/1/2022,10/31/2022,0.0459
IUL14NY,INDEX,11/1/2022,11/30/2022,0.045
IUL14NY,INDEX,12/1/2022,12/31/2022,0.046
IUL14NY,INDEX,1/1/2023,1/31/2023,0.0475
IUL14NY,INDEX,2/1/2023,2/28/2023,0.0469
IUL14NY,INDEX,3/1/2023,3/31/2023,0.047
IUL14NY,INDEX,4/1/2023,4/30/2023,0.0463
IUL14NY,INDEX,5/1/2023,5/31/2023,0.0473
IUL14NY,INDEX,6/1/2023,6/30/2023,0.0478
IUL14NY,INDEX,7/1/2023,7/31/2023,0.0491
IUL14NY,INDEX,8/1/2023,8/31/2023,0.0491
IUL14NY,INDEX,9/1/2023,9/30/2023,0.0486
IUL14NY,INDEX,10/1/2023,10/31/2023,0.0485
IUL14NY,INDEX,11/1/2023,11/30/2023,0.0482
IUL14NY,INDEX,12/1/2023,12/31/2023,0.0478
IUL14NY,INDEX,1/1/2024,1/31/2024,0.0476
IUL14NY,INDEX,2/1/2024,2/29/2024,0.0466
IUL14NY,INDEX,3/1/2024,3/31/2024,0.047
IUL14NY,INDEX,4/1/2024,4/30/2024,0.047
IUL14NY,INDEX,5/1/2024,5/31/2024,0.047
IUL14NY,INDEX,6/1/2024,6/30/2024,0.047
IUL14NY,INDEX,7/1/2024,7/31/2024,0.0465
IUL14NY,INDEX,8/1/2024,8/31/2024,0.0459
IUL14NY,INDEX,9/1/2024,9/30/2024,0.0467
IUL14NY,INDEX,10/1/2024,10/31/2024,0.0467
IUL14NY,INX150,4/1/2021,4/30/2021,0.0256
IUL14NY,INX150,5/1/2021,5/31/2021,0.0247
IUL14NY,INX150,6/1/2021,6/30/2021,0.0254
IUL14NY,INX150,7/1/2021,7/31/2021,0.0253
IUL14NY,INX150,8/1/2021,8/31/2021,0.0262
IUL14NY,INX150,9/1/2021,9/30/2021,0.0257
IUL14NY,INX150,10/1/2021,10/31/2021,0.0268
IUL14NY,INX150,11/1/2021,11/30/2021,0.0267
IUL14NY,INX150,12/1/2021,12/31/2021,0.0263
IUL14NY,INX150,1/1/2022,1/31/2022,0.0262
IUL14NY,INX150,2/1/2022,2/28/2022,0.0271
IUL14NY,INX150,3/1/2022,3/31/2022,0.0276
IUL14NY,INX150,4/1/2022,4/30/2022,0.0278
IUL14NY,INX150,5/1/2022,5/31/2022,0.0279
IUL14NY,INX150,6/1/2022,6/30/2022,0.027
IUL14NY,INX150,7/1/2022,7/31/2022,0.0268
IUL14NY,INX150,8/1/2022,8/31/2022,0.0275
IUL14NY,INX150,9/1/2022,9/30/2022,0.0279
IUL14NY,INX150,10/1/2022,10/31/2022,0.0272
IUL14NY,INX150,11/1/2022,11/30/2022,0.0267
IUL14NY,INX150,12/1/2022,12/31/2022,0.0273
IUL14NY,INX150,1/1/2023,1/31/2023,0.0282
IUL14NY,INX150,2/1/2023,2/28/2023,0.0278
IUL14NY,INX150,3/1/2023,3/31/2023,0.0279
IUL14NY,INX150,4/1/2023,4/30/2023,0.0275
IUL14NY,INX150,5/1/2023,5/31/2023,0.0281
IUL14NY,INX150,6/1/2023,6/30/2023,0.0284
IUL14NY,INX150,7/1/2023,7/31/2023,0.0294
IUL14NY,INX150,8/1/2023,8/31/2023,0.0294
IUL14NY,INX150,9/1/2023,9/30/2023,0.0316
IUL14NY,INX150,10/1/2023,10/31/2023,0.0315
IUL14NY,INX150,11/1/2023,11/30/2023,0.0313
IUL14NY,INX150,12/1/2023,12/31/2023,0.031
IUL14NY,INX150,1/1/2024,1/31/2024,0.0309
IUL14NY,INX150,2/1/2024,2/29/2024,0.0303
IUL14NY,INX150,3/1/2024,3/31/2024,0.0305
IUL14NY,INX150,4/1/2024,4/30/2024,0.0305
IUL14NY,INX150,5/1/2024,5/31/2024,0.0305
IUL14NY,INX150,6/1/2024,6/30/2024,0.0305
IUL14NY,INX150,7/1/2024,7/31/2024,0.0302
IUL14NY,INX150,8/1/2024,8/31/2024,0.0299
IUL14NY,INX150,9/1/2024,9/30/2024,0.0304
IUL14NY,INX150,10/1/2024,10/31/2024,0.0303
IUL14NY,INXFEE,4/1/2021,4/30/2021,0.0358
IUL14NY,INXFEE,5/1/2021,5/31/2021,0.0265
IUL14NY,INXFEE,6/1/2021,6/30/2021,0.026
IUL14NY,INXFEE,7/1/2021,7/31/2021,0.0243
IUL14NY,INXFEE,8/1/2021,8/31/2021,0.0265
IUL14NY,INXFEE,9/1/2021,9/30/2021,0.0235
IUL14NY,INXFEE,10/1/2021,10/31/2021,0.0283
IUL14NY,INXFEE,11/1/2021,11/30/2021,0.0293
IUL14NY,INXFEE,12/1/2021,12/31/2021,0.027
IUL14NY,INXFEE,1/1/2022,1/31/2022,0.0268
IUL14NY,INXFEE,2/1/2022,2/28/2022,0.0381
IUL14NY,INXFEE,3/1/2022,3/31/2022,0.0473
IUL14NY,INXFEE,4/1/2022,4/30/2022,0.0465
IUL14NY,INXFEE,5/1/2022,5/31/2022,0.0516
IUL14NY,INXFEE,6/1/2022,6/30/2022,0.062
IUL14NY,INXFEE,7/1/2022,7/31/2022,0.0688
IUL14NY,INXFEE,8/1/2022,8/31/2022,0.0658
IUL14NY,INXFEE,9/1/2022,9/30/2022,0.0601
IUL14NY,INXFEE,10/1/2022,10/31/2022,0.0731
IUL14NY,INXFEE,11/1/2022,11/30/2022,0.0833
IUL14NY,INXFEE,12/1/2022,12/31/2022,0.0751
IUL14NY,INXFEE,1/1/2023,1/31/2023,0.0723
IUL14NY,INXFEE,2/1/2023,2/28/2023,0.0658
IUL14NY,INXFEE,3/1/2023,3/31/2023,0.053
IUL14NY,INXFEE,4/1/2023,4/30/2023,0.0596
IUL14NY,INXFEE,5/1/2023,5/31/2023,0.0493
IUL14NY,INXFEE,6/1/2023,6/30/2023,0.049
IUL14NY,INXFEE,7/1/2023,7/31/2023,0.0373
IUL14NY,INXFEE,8/1/2023,8/31/2023,0.0373
IUL14NY,INXFEE,9/1/2023,9/30/2023,0.0463
IUL14NY,INXFEE,10/1/2023,10/31/2023,0.0421
IUL14NY,INXFEE,11/1/2023,11/30/2023,0.0476
IUL14NY,INXFEE,12/1/2023,12/31/2023,0.043
IUL14NY,INXFEE,1/1/2024,1/31/2024,0.0392
IUL14NY,INXFEE,2/1/2024,2/29/2024,0.0357
IUL14NY,INXFEE,3/1/2024,3/31/2024,0.0388
IUL14NY,INXFEE,4/1/2024,4/30/2024,0.0388
IUL14NY,INXFEE,5/1/2024,5/31/2024,0.0388
IUL14NY,INXFEE,6/1/2024,6/30/2024,0.0388
IUL14NY,INXFEE,7/1/2024,7/31/2024,0.0365
IUL14NY,INXFEE,8/1/2024,8/31/2024,0.0355
IUL14NY,INXFEE,9/1/2024,9/30/2024,0.0352
IUL14NY,INXFEE,10/1/2024,10/31/2024,0.0354
IUL14NY,INXSPC,4/1/2021,4/30/2021,0.0413
IUL14NY,INXSPC,5/1/2021,5/31/2021,0.0416
IUL14NY,INXSPC,6/1/2021,6/30/2021,0.0415
IUL14NY,INXSPC,7/1/2021,7/31/2021,0.0415
IUL14NY,INXSPC,8/1/2021,8/31/2021,0.0415
IUL14NY,INXSPC,9/1/2021,9/30/2021,0.0415
IUL14NY,INXSPC,10/1/2021,10/31/2021,0.0415
IUL14NY,INXSPC,11/1/2021,11/30/2021,0.0414
IUL14NY,INXSPC,12/1/2021,12/31/2021,0.0419
IUL14NY,INXSPC,1/1/2022,1/31/2022,0.0418
IUL14NY,INXSPC,2/1/2022,2/28/2022,0.0422
IUL14NY,INXSPC,3/1/2022,3/31/2022,0.0427
IUL14NY,INXSPC,4/1/2022,4/30/2022,0.0432
IUL14NY,INXSPC,5/1/2022,5/31/2022,0.0436
IUL14NY,INXSPC,6/1/2022,6/30/2022,0.0433
IUL14NY,INXSPC,7/1/2022,7/31/2022,0.0439
IUL14NY,INXSPC,8/1/2022,8/31/2022,0.0446
IUL14NY,INXSPC,9/1/2022,9/30/2022,0.0455
IUL14NY,INXSPC,10/1/2022,10/31/2022,0.0451
IUL14NY,INXSPC,11/1/2022,11/30/2022,0.0448
IUL14NY,INXSPC,12/1/2022,12/31/2022,0.0462
IUL14NY,INXSPC,1/1/2023,1/31/2023,0.0464
IUL14NY,INXSPC,2/1/2023,2/28/2023,0.047
IUL14NY,INXSPC,3/1/2023,3/31/2023,0.0481
IUL14NY,INXSPC,4/1/2023,4/30/2023,0.0476
IUL14NY,INXSPC,5/1/2023,5/31/2023,0.0483
IUL14NY,INXSPC,6/1/2023,6/30/2023,0.0481
IUL14NY,INXSPC,7/1/2023,7/31/2023,0.0506
IUL14NY,INXSPC,8/1/2023,8/31/2023,0.0506
IUL14NY,INXSPC,9/1/2023,9/30/2023,0.046
IUL14NY,INXSPC,10/1/2023,10/31/2023,0.0469
IUL14NY,INXSPC,11/1/2023,11/30/2023,0.0459
IUL14NY,INXSPC,12/1/2023,12/31/2023,0.0465
IUL14NY,INXSPC,1/1/2024,1/31/2024,0.0468
IUL14NY,INXSPC,2/1/2024,2/29/2024,0.0465
IUL14NY,INXSPC,3/1/2024,3/31/2024,0.0471
IUL14NY,INXSPC,4/1/2024,4/30/2024,0.0471
IUL14NY,INXSPC,5/1/2024,5/31/2024,0.0471
IUL14NY,INXSPC,6/1/2024,6/30/2024,0.0471
IUL14NY,INXSPC,7/1/2024,7/31/2024,0.0477
IUL14NY,INXSPC,8/1/2024,8/31/2024,0.0475
IUL14NY,INXSPC,9/1/2024,9/30/2024,0.0462
IUL14NY,INXSPC,10/1/2024,10/31/2024,0.0452
IUL19,INDEX,4/1/2021,4/30/2021,0.0466
IUL19,INDEX,5/1/2021,5/31/2021,0.0444
IUL19,INDEX,6/1/2021,6/30/2021,0.0458
IUL19,INDEX,7/1/2021,7/31/2021,0.0456
IUL19,INDEX,8/1/2021,8/31/2021,0.0474
IUL19,INDEX,9/1/2021,9/30/2021,0.0463
IUL19,INDEX,10/1/2021,10/31/2021,0.0487
IUL19,INDEX,11/1/2021,11/30/2021,0.0486
IUL19,INDEX,12/1/2021,12/31/2021,0.0476
IUL19,INDEX,1/1/2022,1/31/2022,0.0493
IUL19,INDEX,2/1/2022,2/28/2022,0.0494
IUL19,INDEX,3/1/2022,3/31/2022,0.0508
IUL19,INDEX,4/1/2022,4/30/2022,0.0512
IUL19,INDEX,5/1/2022,5/31/2022,0.0515
IUL19,INDEX,6/1/2022,6/30/2022,0.05
IUL19,INDEX,7/1/2022,7/31/2022,0.0496
IUL19,INDEX,8/1/2022,8/31/2022,0.0509
IUL19,INDEX,9/1/2022,9/30/2022,0.0537
IUL19,INDEX,10/1/2022,10/31/2022,0.0528
IUL19,INDEX,11/1/2022,11/30/2022,0.0519
IUL19,INDEX,12/1/2022,12/31/2022,0.0529
IUL19,INDEX,1/1/2023,1/31/2023,0.0569
IUL19,INDEX,2/1/2023,2/28/2023,0.0538
IUL19,INDEX,3/1/2023,3/31/2023,0.0538
IUL19,INDEX,4/1/2023,4/30/2023,0.0531
IUL19,INDEX,5/1/2023,5/31/2023,0.0541
IUL19,INDEX,6/1/2023,6/30/2023,0.0547
IUL19,INDEX,7/1/2023,7/31/2023,0.0556
IUL19,INDEX,8/1/2023,8/31/2023,0.0556
IUL19,INDEX,9/1/2023,9/30/2023,0.0544
IUL19,INDEX,10/1/2023,10/31/2023,0.0541
IUL19,INDEX,11/1/2023,11/30/2023,0.0539
IUL19,INDEX,12/1/2023,12/31/2023,0.0533
IUL19,INDEX,1/1/2024,1/31/2024,0.0529
IUL19,INDEX,2/1/2024,2/29/2024,0.0517
IUL19,INDEX,3/1/2024,3/31/2024,0.0522
IUL19,INDEX,4/1/2024,4/30/2024,0.0513
IUL19,INDEX,5/1/2024,5/31/2024,0.0519
IUL19,INDEX,6/1/2024,6/30/2024,0.051
IUL19,INDEX,7/1/2024,7/31/2024,0.0515
IUL19,INDEX,8/1/2024,8/31/2024,0.0509
IUL19,INDEX,9/1/2024,9/30/2024,0.0518
IUL19,INDEX,10/1/2024,10/31/2024,0.0518
IUL19,INXFEE,4/1/2021,4/30/2021,0.0409
IUL19,INXFEE,5/1/2021,5/31/2021,0.0311
IUL19,INXFEE,6/1/2021,6/30/2021,0.0308
IUL19,INXFEE,7/1/2021,7/31/2021,0.029
IUL19,INXFEE,8/1/2021,8/31/2021,0.039
IUL19,INXFEE,9/1/2021,9/30/2021,0.0355
IUL19,INXFEE,10/1/2021,10/31/2021,0.0414
IUL19,INXFEE,11/1/2021,11/30/2021,0.0427
IUL19,INXFEE,12/1/2021,12/31/2021,0.0398
IUL19,INXFEE,1/1/2022,1/31/2022,0.0436
IUL19,INXFEE,2/1/2022,2/28/2022,0.0462
IUL19,INXFEE,3/1/2022,3/31/2022,0.0559
IUL19,INXFEE,4/1/2022,4/30/2022,0.0552
IUL19,INXFEE,5/1/2022,5/31/2022,0.0604
IUL19,INXFEE,6/1/2022,6/30/2022,0.0705
IUL19,INXFEE,7/1/2022,7/31/2022,0.0676
IUL19,INXFEE,8/1/2022,8/31/2022,0.0646
IUL19,INXFEE,9/1/2022,9/30/2022,0.0589
IUL19,INXFEE,10/1/2022,10/31/2022,0.0719
IUL19,INXFEE,11/1/2022,11/30/2022,0.0822
IUL19,INXFEE,12/1/2022,12/31/2022,0.0739
IUL19,INXFEE,1/1/2023,1/31/2023,0.0615
IUL19,INXFEE,2/1/2023,2/28/2023,0.0553
IUL19,INXFEE,3/1/2023,3/31/2023,0.0426
IUL19,INXFEE,4/1/2023,4/30/2023,0.0491
IUL19,INXFEE,5/1/2023,5/31/2023,0.0389
IUL19,INXFEE,6/1/2023,6/30/2023,0.0385
IUL19,INXFEE,7/1/2023,7/31/2023,0.0361
IUL19,INXFEE,8/1/2023,8/31/2023,0.0361
IUL19,INXFEE,9/1/2023,9/30/2023,0.0451
IUL19,INXFEE,10/1/2023,10/31/2023,0.0409
IUL19,INXFEE,11/1/2023,11/30/2023,0.0463
IUL19,INXFEE,12/1/2023,12/31/2023,0.0418
IUL19,INXFEE,1/1/2024,1/31/2024,0.0381
IUL19,INXFEE,2/1/2024,2/29/2024,0.0346
IUL19,INXFEE,3/1/2024,3/31/2024,0.0376
IUL19,INXFEE,4/1/2024,4/30/2024,0.0394
IUL19,INXFEE,5/1/2024,5/31/2024,0.0428
IUL19,INXFEE,6/1/2024,6/30/2024,0.036
IUL19,INXFEE,7/1/2024,7/31/2024,0.0354
IUL19,INXFEE,8/1/2024,8/31/2024,0.0344
IUL19,INXFEE,9/1/2024,9/30/2024,0.034
IUL19,INXFEE,10/1/2024,10/31/2024,0.0343
IUL19,INXHIM,4/1/2021,4/30/2021,0.0531
IUL19,INXHIM,5/1/2021,5/31/2021,0.0499
IUL19,INXHIM,6/1/2021,6/30/2021,0.0514
IUL19,INXHIM,7/1/2021,7/31/2021,0.0511
IUL19,INXHIM,8/1/2021,8/31/2021,0.0544
IUL19,INXHIM,9/1/2021,9/30/2021,0.0529
IUL19,INXHIM,10/1/2021,10/31/2021,0.0564
IUL19,INXHIM,11/1/2021,11/30/2021,0.0569
IUL19,INXHIM,12/1/2021,12/31/2021,0.0551
IUL19,INXHIM,1/1/2022,1/31/2022,0.0574
IUL19,INXHIM,2/1/2022,2/28/2022,0.0579
IUL19,INXHIM,3/1/2022,3/31/2022,0.0605
IUL19,INXHIM,4/1/2022,4/30/2022,0.061
IUL19,INXHIM,5/1/2022,5/31/2022,0.0618
IUL19,INXHIM,6/1/2022,6/30/2022,0.0602
IUL19,INXHIM,7/1/2022,7/31/2022,0.06
IUL19,INXHIM,8/1/2022,8/31/2022,0.0614
IUL19,INXHIM,9/1/2022,9/30/2022,0.0619
IUL19,INXHIM,10/1/2022,10/31/2022,0.0613
IUL19,INXHIM,11/1/2022,11/30/2022,0.0603
IUL19,INXHIM,12/1/2022,12/31/2022,0.0614
IUL19,INXHIM,1/1/2023,1/31/2023,0.0635
IUL19,INXHIM,2/1/2023,2/28/2023,0.0622
IUL19,INXHIM,3/1/2023,3/31/2023,0.0621
IUL19,INXHIM,4/1/2023,4/30/2023,0.0616
IUL19,INXHIM,5/1/2023,5/31/2023,0.0621
IUL19,INXHIM,6/1/2023,6/30/2023,0.063
IUL19,INXHIM,7/1/2023,7/31/2023,0.0626
IUL19,INXHIM,8/1/2023,8/31/2023,0.0626
IUL19,INXHIM,9/1/2023,9/30/2023,0.0634
IUL19,INXHIM,10/1/2023,10/31/2023,0.0626
IUL19,INXHIM,11/1/2023,11/30/2023,0.063
IUL19,INXHIM,12/1/2023,12/31/2023,0.062
IUL19,INXHIM,1/1/2024,1/31/2024,0.0611
IUL19,INXHIM,2/1/2024,2/29/2024,0.0593
IUL19,INXHIM,3/1/2024,3/31/2024,0.06
IUL19,INXHIM,4/1/2024,4/30/2024,0.059
IUL19,INXHIM,5/1/2024,5/31/2024,0.06
IUL19,INXHIM,6/1/2024,6/30/2024,0.0585
IUL19,INXHIM,7/1/2024,7/31/2024,0.059
IUL19,INXHIM,8/1/2024,8/31/2024,0.0581
IUL19,INXHIM,9/1/2024,9/30/2024,0.0593
IUL19,INXHIM,10/1/2024,10/31/2024,0.0594
IUL19,INXLOM,4/1/2021,4/30/2021,0.0531
IUL19,INXLOM,5/1/2021,5/31/2021,0.0499
IUL19,INXLOM,6/1/2021,6/30/2021,0.0514
IUL19,INXLOM,7/1/2021,7/31/2021,0.0511
IUL19,INXLOM,8/1/2021,8/31/2021,0.0544
IUL19,INXLOM,9/1/2021,9/30/2021,0.0529
IUL19,INXLOM,10/1/2021,10/31/2021,0.0564
IUL19,INXLOM,11/1/2021,11/30/2021,0.0569
IUL19,INXLOM,12/1/2021,12/31/2021,0.0551
IUL19,INXLOM,1/1/2022,1/31/2022,0.0574
IUL19,INXLOM,2/1/2022,2/28/2022,0.0579
IUL19,INXLOM,3/1/2022,3/31/2022,0.0605
IUL19,INXLOM,4/1/2022,4/30/2022,0.061
IUL19,INXLOM,5/1/2022,5/31/2022,0.0618
IUL19,INXLOM,6/1/2022,6/30/2022,0.0602
IUL19,INXLOM,7/1/2022,7/31/2022,0.06
IUL19,INXLOM,8/1/2022,8/31/2022,0.0614
IUL19,INXLOM,9/1/2022,9/30/2022,0.0619
IUL19,INXLOM,10/1/2022,10/31/2022,0.0613
IUL19,INXLOM,11/1/2022,11/30/2022,0.0603
IUL19,INXLOM,12/1/2022,12/31/2022,0.0614
IUL19,INXLOM,1/1/2023,1/31/2023,0.0635
IUL19,INXLOM,2/1/2023,2/28/2023,0.0622
IUL19,INXLOM,3/1/2023,3/31/2023,0.0621
IUL19,INXLOM,4/1/2023,4/30/2023,0.0616
IUL19,INXLOM,5/1/2023,5/31/2023,0.0621
IUL19,INXLOM,6/1/2023,6/30/2023,0.063
IUL19,INXLOM,7/1/2023,7/31/2023,0.0626
IUL19,INXLOM,8/1/2023,8/31/2023,0.0626
IUL19,INXLOM,9/1/2023,9/30/2023,0.0634
IUL19,INXLOM,10/1/2023,10/31/2023,0.0626
IUL19,INXLOM,11/1/2023,11/30/2023,0.063
IUL19,INXLOM,12/1/2023,12/31/2023,0.062
IUL19,INXLOM,1/1/2024,1/31/2024,0.0611
IUL19,INXLOM,2/1/2024,2/29/2024,0.0593
IUL19,INXLOM,3/1/2024,3/31/2024,0.06
IUL19,INXLOM,4/1/2024,4/30/2024,0.059
IUL19,INXLOM,5/1/2024,5/31/2024,0.06
IUL19,INXLOM,6/1/2024,6/30/2024,0.0585
IUL19,INXLOM,7/1/2024,7/31/2024,0.059
IUL19,INXLOM,8/1/2024,8/31/2024,0.0581
IUL19,INXLOM,9/1/2024,9/30/2024,0.0593
IUL19,INXLOM,10/1/2024,10/31/2024,0.0594
IUL21,INDEX,7/1/2021,7/31/2021,0.0456
IUL21,INDEX,8/1/2021,8/31/2021,0.0474
IUL21,INDEX,9/1/2021,9/30/2021,0.0463
IUL21,INDEX,10/1/2021,10/31/2021,0.0487
IUL21,INDEX,11/1/2021,11/30/2021,0.0486
IUL21,INDEX,12/1/2021,12/31/2021,0.0476
IUL21,INDEX,1/1/2022,1/31/2022,0.0493
IUL21,INDEX,2/1/2022,2/28/2022,0.0494
IUL21,INDEX,3/1/2022,3/31/2022,0.0508
IUL21,INDEX,4/1/2022,4/30/2022,0.0512
IUL21,INDEX,5/1/2022,5/31/2022,0.0515
IUL21,INDEX,6/1/2022,6/30/2022,0.05
IUL21,INDEX,7/1/2022,7/31/2022,0.0496
IUL21,INDEX,8/1/2022,8/31/2022,0.0509
IUL21,INDEX,9/1/2022,9/30/2022,0.0537
IUL21,INDEX,10/1/2022,10/31/2022,0.0528
IUL21,INDEX,11/1/2022,11/30/2022,0.0519
IUL21,INDEX,12/1/2022,12/31/2022,0.0529
IUL21,INDEX,1/1/2023,1/31/2023,0.0569
IUL21,INDEX,2/1/2023,2/28/2023,0.056
IUL21,INDEX,3/1/2023,3/31/2023,0.056
IUL21,INDEX,4/1/2023,4/30/2023,0.0553
IUL21,INDEX,5/1/2023,5/31/2023,0.0562
IUL21,INDEX,6/1/2023,6/30/2023,0.0569
IUL21,INDEX,7/1/2023,7/31/2023,0.0575
IUL21,INDEX,8/1/2023,8/31/2023,0.0575
IUL21,INDEX,9/1/2023,9/30/2023,0.0565
IUL21,INDEX,10/1/2023,10/31/2023,0.0561
IUL21,INDEX,11/1/2023,11/30/2023,0.0561
IUL21,INDEX,12/1/2023,12/31/2023,0.0554
IUL21,INDEX,1/1/2024,1/31/2024,0.0549
IUL21,INDEX,2/1/2024,2/29/2024,0.0536
IUL21,INDEX,3/1/2024,3/31/2024,0.0541
IUL21,INDEX,4/1/2024,4/30/2024,0.0532
IUL21,INDEX,5/1/2024,5/31/2024,0.0548
IUL21,INDEX,6/1/2024,6/30/2024,0.0528
IUL21,INDEX,7/1/2024,7/31/2024,0.0534
IUL21,INDEX,8/1/2024,8/31/2024,0.0527
IUL21,INDEX,9/1/2024,9/30/2024,0.0528
IUL21,INDEX,10/1/2024,10/31/2024,0.0537
IUL21,INXFEE,7/1/2021,7/31/2021,0.029
IUL21,INXFEE,8/1/2021,8/31/2021,0.039
IUL21,INXFEE,9/1/2021,9/30/2021,0.0355
IUL21,INXFEE,10/1/2021,10/31/2021,0.0414
IUL21,INXFEE,11/1/2021,11/30/2021,0.0427
IUL21,INXFEE,12/1/2021,12/31/2021,0.0398
IUL21,INXFEE,1/1/2022,1/31/2022,0.0436
IUL21,INXFEE,2/1/2022,2/28/2022,0.0462
IUL21,INXFEE,3/1/2022,3/31/2022,0.0559
IUL21,INXFEE,4/1/2022,4/30/2022,0.0552
IUL21,INXFEE,5/1/2022,5/31/2022,0.0604
IUL21,INXFEE,6/1/2022,6/30/2022,0.0705
IUL21,INXFEE,7/1/2022,7/31/2022,0.0676
IUL21,INXFEE,8/1/2022,8/31/2022,0.0646
IUL21,INXFEE,9/1/2022,9/30/2022,0.0589
IUL21,INXFEE,10/1/2022,10/31/2022,0.0719
IUL21,INXFEE,11/1/2022,11/30/2022,0.0822
IUL21,INXFEE,12/1/2022,12/31/2022,0.0739
IUL21,INXFEE,1/1/2023,1/31/2023,0.0615
IUL21,INXFEE,2/1/2023,2/28/2023,0.0553
IUL21,INXFEE,3/1/2023,3/31/2023,0.0426
IUL21,INXFEE,4/1/2023,4/30/2023,0.0491
IUL21,INXFEE,5/1/2023,5/31/2023,0.0389
IUL21,INXFEE,6/1/2023,6/30/2023,0.0385
IUL21,INXFEE,7/1/2023,7/31/2023,0.0361
IUL21,INXFEE,8/1/2023,8/31/2023,0.0361
IUL21,INXFEE,9/1/2023,9/30/2023,0.0451
IUL21,INXFEE,10/1/2023,10/31/2023,0.0409
IUL21,INXFEE,11/1/2023,11/30/2023,0.0463
IUL21,INXFEE,12/1/2023,12/31/2023,0.0418
IUL21,INXFEE,1/1/2024,1/31/2024,0.0381
IUL21,INXFEE,2/1/2024,2/29/2024,0.0346
IUL21,INXFEE,3/1/2024,3/31/2024,0.0376
IUL21,INXFEE,4/1/2024,4/30/2024,0.0394
IUL21,INXFEE,5/1/2024,5/31/2024,0.0428
IUL21,INXFEE,6/1/2024,6/30/2024,0.036
IUL21,INXFEE,7/1/2024,7/31/2024,0.0354
IUL21,INXFEE,8/1/2024,8/31/2024,0.0344
IUL21,INXFEE,9/1/2024,9/30/2024,0.034
IUL21,INXFEE,10/1/2024,10/31/2024,0.0343
IUL21,INXHIM,7/1/2021,7/31/2021,0.0511
IUL21,INXHIM,8/1/2021,8/31/2021,0.0544
IUL21,INXHIM,9/1/2021,9/30/2021,0.0529
IUL21,INXHIM,10/1/2021,10/31/2021,0.0564
IUL21,INXHIM,11/1/2021,11/30/2021,0.0569
IUL21,INXHIM,12/1/2021,12/31/2021,0.0551
IUL21,INXHIM,1/1/2022,1/31/2022,0.0574
IUL21,INXHIM,2/1/2022,2/28/2022,0.0579
IUL21,INXHIM,3/1/2022,3/31/2022,0.0605
IUL21,INXHIM,4/1/2022,4/30/2022,0.061
IUL21,INXHIM,5/1/2022,5/31/2022,0.0618
IUL21,INXHIM,6/1/2022,6/30/2022,0.0602
IUL21,INXHIM,7/1/2022,7/31/2022,0.06
IUL21,INXHIM,8/1/2022,8/31/2022,0.0614
IUL21,INXHIM,9/1/2022,9/30/2022,0.0619
IUL21,INXHIM,10/1/2022,10/31/2022,0.0613
IUL21,INXHIM,11/1/2022,11/30/2022,0.0603
IUL21,INXHIM,12/1/2022,12/31/2022,0.0614
IUL21,INXHIM,1/1/2023,1/31/2023,0.0635
IUL21,INXHIM,2/1/2023,2/28/2023,0.0622
IUL21,INXHIM,3/1/2023,3/31/2023,0.0621
IUL21,INXHIM,4/1/2023,4/30/2023,0.0616
IUL21,INXHIM,5/1/2023,5/31/2023,0.0621
IUL21,INXHIM,6/1/2023,6/30/2023,0.063
IUL21,INXHIM,7/1/2023,7/31/2023,0.0626
IUL21,INXHIM,8/1/2023,8/31/2023,0.0626
IUL21,INXHIM,9/1/2023,9/30/2023,0.0634
IUL21,INXHIM,10/1/2023,10/31/2023,0.0626
IUL21,INXHIM,11/1/2023,11/30/2023,0.063
IUL21,INXHIM,12/1/2023,12/31/2023,0.062
IUL21,INXHIM,1/1/2024,1/31/2024,0.0611
IUL21,INXHIM,2/1/2024,2/29/2024,0.0593
IUL21,INXHIM,3/1/2024,3/31/2024,0.06
IUL21,INXHIM,4/1/2024,4/30/2024,0.059
IUL21,INXHIM,5/1/2024,5/31/2024,0.06
IUL21,INXHIM,6/1/2024,6/30/2024,0.0585
IUL21,INXHIM,7/1/2024,7/31/2024,0.059
IUL21,INXHIM,8/1/2024,8/31/2024,0.0581
IUL21,INXHIM,9/1/2024,9/30/2024,0.0593
IUL21,INXHIM,10/1/2024,10/31/2024,0.0594
IUL21,INXLOM,7/1/2021,7/31/2021,0.0511
IUL21,INXLOM,8/1/2021,8/31/2021,0.0544
IUL21,INXLOM,9/1/2021,9/30/2021,0.0529
IUL21,INXLOM,10/1/2021,10/31/2021,0.0564
IUL21,INXLOM,11/1/2021,11/30/2021,0.0569
IUL21,INXLOM,12/1/2021,12/31/2021,0.0551
IUL21,INXLOM,1/1/2022,1/31/2022,0.0574
IUL21,INXLOM,2/1/2022,2/28/2022,0.0579
IUL21,INXLOM,3/1/2022,3/31/2022,0.0605
IUL21,INXLOM,4/1/2022,4/30/2022,0.061
IUL21,INXLOM,5/1/2022,5/31/2022,0.0618
IUL21,INXLOM,6/1/2022,6/30/2022,0.0602
IUL21,INXLOM,7/1/2022,7/31/2022,0.06
IUL21,INXLOM,8/1/2022,8/31/2022,0.0614
IUL21,INXLOM,9/1/2022,9/30/2022,0.0619
IUL21,INXLOM,10/1/2022,10/31/2022,0.0613
IUL21,INXLOM,11/1/2022,11/30/2022,0.0603
IUL21,INXLOM,12/1/2022,12/31/2022,0.0614
IUL21,INXLOM,1/1/2023,1/31/2023,0.0635
IUL21,INXLOM,2/1/2023,2/28/2023,0.0622
IUL21,INXLOM,3/1/2023,3/31/2023,0.0621
IUL21,INXLOM,4/1/2023,4/30/2023,0.0616
IUL21,INXLOM,5/1/2023,5/31/2023,0.0621
IUL21,INXLOM,6/1/2023,6/30/2023,0.063
IUL21,INXLOM,7/1/2023,7/31/2023,0.0626
IUL21,INXLOM,8/1/2023,8/31/2023,0.0626
IUL21,INXLOM,9/1/2023,9/30/2023,0.0634
IUL21,INXLOM,10/1/2023,10/31/2023,0.0626
IUL21,INXLOM,11/1/2023,11/30/2023,0.063
IUL21,INXLOM,12/1/2023,12/31/2023,0.062
IUL21,INXLOM,1/1/2024,1/31/2024,0.0611
IUL21,INXLOM,2/1/2024,2/29/2024,0.0593
IUL21,INXLOM,3/1/2024,3/31/2024,0.06
IUL21,INXLOM,4/1/2024,4/30/2024,0.059
IUL21,INXLOM,5/1/2024,5/31/2024,0.06
IUL21,INXLOM,6/1/2024,6/30/2024,0.0585
IUL21,INXLOM,7/1/2024,7/31/2024,0.059
IUL21,INXLOM,8/1/2024,8/31/2024,0.0581
IUL21,INXLOM,9/1/2024,9/30/2024,0.0593
IUL21,INXLOM,10/1/2024,10/31/2024,0.0594
IUL21,MARPRT,7/1/2021,7/31/2021,0.02918
IUL21,MARPRT,8/1/2021,8/31/2021,0.029127176
IUL21,MARPRT,9/1/2021,9/30/2021,0.029127176
IUL21,MARPRT,10/1/2021,10/31/2021,0.02902172
IUL21,MARPRT,11/1/2021,11/30/2021,0.029127176
IUL21,MARPRT,12/1/2021,12/31/2021,0.029980076
IUL21,MARPRT,1/1/2022,1/31/2022,0.030412685
IUL21,MARPRT,2/1/2022,2/28/2022,0.031623435
IUL21,MARPRT,3/1/2022,3/31/2022,0.035618808
IUL21,MARPRT,4/1/2022,4/30/2022,0.028654656
IUL21,MARPRT,5/1/2022,5/31/2022,0.028654656
IUL21,MARPRT,6/1/2022,6/30/2022,0.028654656
IUL21,MARPRT,7/1/2022,7/31/2022,0.028654656
IUL21,MARPRT,8/1/2022,8/31/2022,0.028654656
IUL21,MARPRT,9/1/2022,9/30/2022,0.028261922
IUL21,MARPRT,10/1/2022,10/31/2022,0.028261922
IUL21,MARPRT,11/1/2022,11/30/2022,0.028261922
IUL21,MARPRT,12/1/2022,12/31/2022,0.026079756
IUL21,MARPRT,1/1/2023,1/31/2023,0.026079756
IUL21,MARPRT,2/1/2023,2/28/2023,0.0259
IUL21,MARPRT,3/1/2023,3/31/2023,0.022
IUL21,MARPRT,4/1/2023,4/30/2023,0.024092014
IUL21,MARPRT,5/1/2023,5/31/2023,0.0236
IUL21,MARPRT,6/1/2023,6/30/2023,0.023769187
IUL21,MARPRT,7/1/2023,7/31/2023,0.060828237
IUL21,MARPRT,8/1/2023,8/31/2023,0.0243
IUL21,MARPRT,9/1/2023,9/30/2023,0.022235244
IUL21,MARPRT,10/1/2023,10/31/2023,0.022337997
IUL21,MARPRT,11/1/2023,11/30/2023,0.022235997
IUL21,MARPRT,12/1/2023,12/31/2023,0.0222
IUL21,MARPRT,1/1/2024,1/31/2024,0.0222
IUL21,MARPRT,2/1/2024,2/29/2024,0.022439997
IUL21,MARPRT,3/1/2024,3/31/2024,0.022745997
IUL21,MARPRT,4/1/2024,4/30/2024,0.022745997
IUL21,MARPRT,5/1/2024,5/31/2024,0.022541997
IUL21,MARPRT,6/1/2024,6/30/2024,0.022541997
IUL21,MARPRT,7/1/2024,7/31/2024,0.022847997
IUL21,MARPRT,8/1/2024,8/31/2024,0.022949997
IUL21,MARPRT,9/1/2024,9/30/2024,0.022847997
IUL21,MARPRT,10/1/2024,10/31/2024,0.023051997
IUL21,NASIDX,7/1/2021,7/31/2021,0.044904117
IUL21,NASIDX,8/1/2021,8/31/2021,0.044804279
IUL21,NASIDX,9/1/2021,9/30/2021,0.045891913
IUL21,NASIDX,10/1/2021,10/31/2021,0.046663965
IUL21,NASIDX,11/1/2021,11/30/2021,0.047269673
IUL21,NASIDX,12/1/2021,12/31/2021,0.045540501
IUL21,NASIDX,1/1/2022,1/31/2022,0.04715833
IUL21,NASIDX,2/1/2022,2/28/2022,0.047034822
IUL21,NASIDX,3/1/2022,3/31/2022,0.048514031
IUL21,NASIDX,4/1/2022,4/30/2022,0.048872588
IUL21,NASIDX,5/1/2022,5/31/2022,0.049155763
IUL21,NASIDX,6/1/2022,6/30/2022,0.048818865
IUL21,NASIDX,7/1/2022,7/31/2022,0.048619575
IUL21,NASIDX,8/1/2022,8/31/2022,0.04926657
IUL21,NASIDX,9/1/2022,9/30/2022,0.051727009
IUL21,NASIDX,10/1/2022,10/31/2022,0.051762066
IUL21,NASIDX,11/1/2022,11/30/2022,0.051187143
IUL21,NASIDX,12/1/2022,12/31/2022,0.051484476
IUL21,NASIDX,1/1/2023,1/31/2023,0.055041791
IUL21,NASIDX,2/1/2023,2/28/2023,0.054943448
IUL21,NASIDX,3/1/2023,3/31/2023,0.054071145
IUL21,NASIDX,4/1/2023,4/30/2023,0.054141542
IUL21,NASIDX,5/1/2023,5/31/2023,0.054723254
IUL21,NASIDX,6/1/2023,6/30/2023,0.0552727
IUL21,NASIDX,7/1/2023,7/31/2023,0.054663659
IUL21,NASIDX,8/1/2023,8/31/2023,0.054663659
IUL21,NASIDX,9/1/2023,9/30/2023,0.054142925
IUL21,NASIDX,10/1/2023,10/31/2023,0.053848312
IUL21,NASIDX,11/1/2023,11/30/2023,0.054052817
IUL21,NASIDX,12/1/2023,12/31/2023,0.053866442
IUL21,NASIDX,1/1/2024,1/31/2024,0.053479456
IUL21,NASIDX,2/1/2024,2/29/2024,0.053014496
IUL21,NASIDX,3/1/2024,3/31/2024,0.04957313
IUL21,NASIDX,4/1/2024,4/30/2024,0.052016147
IUL21,NASIDX,5/1/2024,5/31/2024,0.053272292
IUL21,NASIDX,6/1/2024,6/30/2024,0.051367166
IUL21,NASIDX,7/1/2024,7/31/2024,0.051975342
IUL21,NASIDX,8/1/2024,8/31/2024,0.051143167
IUL21,NASIDX,9/1/2024,9/30/2024,0.051525108
IUL21,NASIDX,10/1/2024,10/31/2024,0.050868663
IUL23,INDEX,5/1/2023,5/31/2023,0.0552
IUL23,INDEX,6/1/2023,6/30/2023,0.0558
IUL23,INDEX,7/1/2023,7/31/2023,0.0566
IUL23,INDEX,8/1/2023,8/31/2023,0.0566
IUL23,INDEX,9/1/2023,9/30/2023,0.0555
IUL23,INDEX,10/1/2023,10/31/2023,0.0551
IUL23,INDEX,11/1/2023,11/30/2023,0.055
IUL23,INDEX,12/1/2023,12/31/2023,0.0544
IUL23,INDEX,1/1/2024,1/31/2024,0.054
IUL23,INDEX,2/1/2024,2/29/2024,0.0527
IUL23,INDEX,3/1/2024,3/31/2024,0.0532
IUL23,INDEX,4/1/2024,4/30/2024,0.0523
IUL23,INDEX,5/1/2024,5/31/2024,0.0548
IUL23,INDEX,6/1/2024,6/30/2024,0.0519
IUL23,INDEX,7/1/2024,7/31/2024,0.0525
IUL23,INDEX,8/1/2024,8/31/2024,0.0518
IUL23,INDEX,9/1/2024,9/30/2024,0.0528
IUL23,INDEX,10/1/2024,10/31/2024,0.0528
IUL23,INXFEE,5/1/2023,5/31/2023,0.0389
IUL23,INXFEE,6/1/2023,6/30/2023,0.0385
IUL23,INXFEE,7/1/2023,7/31/2023,0.0361
IUL23,INXFEE,8/1/2023,8/31/2023,0.0361
IUL23,INXFEE,9/1/2023,9/30/2023,0.0451
IUL23,INXFEE,10/1/2023,10/31/2023,0.0409
IUL23,INXFEE,11/1/2023,11/30/2023,0.0463
IUL23,INXFEE,12/1/2023,12/31/2023,0.0418
IUL23,INXFEE,1/1/2024,1/31/2024,0.0381
IUL23,INXFEE,2/1/2024,2/29/2024,0.0346
IUL23,INXFEE,3/1/2024,3/31/2024,0.0376
IUL23,INXFEE,4/1/2024,4/30/2024,0.0394
IUL23,INXFEE,5/1/2024,5/31/2024,0.0428
IUL23,INXFEE,6/1/2024,6/30/2024,0.036
IUL23,INXFEE,7/1/2024,7/31/2024,0.0354
IUL23,INXFEE,8/1/2024,8/31/2024,0.0344
IUL23,INXFEE,9/1/2024,9/30/2024,0.034
IUL23,INXFEE,10/1/2024,10/31/2024,0.0343
IUL23,INXHIM,5/1/2023,5/31/2023,0.0621
IUL23,INXHIM,6/1/2023,6/30/2023,0.063
IUL23,INXHIM,7/1/2023,7/31/2023,0.0626
IUL23,INXHIM,8/1/2023,8/31/2023,0.0626
IUL23,INXHIM,9/1/2023,9/30/2023,0.0634
IUL23,INXHIM,10/1/2023,10/31/2023,0.0626
IUL23,INXHIM,11/1/2023,11/30/2023,0.063
IUL23,INXHIM,12/1/2023,12/31/2023,0.062
IUL23,INXHIM,1/1/2024,1/31/2024,0.0611
IUL23,INXHIM,2/1/2024,2/29/2024,0.0593
IUL23,INXHIM,3/1/2024,3/31/2024,0.06
IUL23,INXHIM,4/1/2024,4/30/2024,0.059
IUL23,INXHIM,5/1/2024,5/31/2024,0.06
IUL23,INXHIM,6/1/2024,6/30/2024,0.0585
IUL23,INXHIM,7/1/2024,7/31/2024,0.059
IUL23,INXHIM,8/1/2024,8/31/2024,0.0581
IUL23,INXHIM,9/1/2024,9/30/2024,0.0593
IUL23,INXHIM,10/1/2024,10/31/2024,0.0594
IUL23,INXLOM,5/1/2023,5/31/2023,0.0621
IUL23,INXLOM,6/1/2023,6/30/2023,0.063
IUL23,INXLOM,7/1/2023,7/31/2023,0.0626
IUL23,INXLOM,8/1/2023,8/31/2023,0.0626
IUL23,INXLOM,9/1/2023,9/30/2023,0.0634
IUL23,INXLOM,10/1/2023,10/31/2023,0.0626
IUL23,INXLOM,11/1/2023,11/30/2023,0.063
IUL23,INXLOM,12/1/2023,12/31/2023,0.062
IUL23,INXLOM,1/1/2024,1/31/2024,0.0611
IUL23,INXLOM,2/1/2024,2/29/2024,0.0593
IUL23,INXLOM,3/1/2024,3/31/2024,0.06
IUL23,INXLOM,4/1/2024,4/30/2024,0.059
IUL23,INXLOM,5/1/2024,5/31/2024,0.06
IUL23,INXLOM,6/1/2024,6/30/2024,0.0585
IUL23,INXLOM,7/1/2024,7/31/2024,0.059
IUL23,INXLOM,8/1/2024,8/31/2024,0.0581
IUL23,INXLOM,9/1/2024,9/30/2024,0.0593
IUL23,INXLOM,10/1/2024,10/31/2024,0.0594
IUL23,MARPRT,5/1/2023,5/31/2023,0.0236
IUL23,MARPRT,6/1/2023,6/30/2023,0.023769187
IUL23,MARPRT,7/1/2023,7/31/2023,0.024203333
IUL23,MARPRT,8/1/2023,8/31/2023,0.024203333
IUL23,MARPRT,9/1/2023,9/30/2023,0.022235244
IUL23,MARPRT,10/1/2023,10/31/2023,0.022337997
IUL23,MARPRT,11/1/2023,11/30/2023,0.022235997
IUL23,MARPRT,12/1/2023,12/31/2023,0.0222
IUL23,MARPRT,1/1/2024,1/31/2024,0.0222
IUL23,MARPRT,2/1/2024,2/29/2024,0.022439997
IUL23,MARPRT,3/1/2024,3/31/2024,0.022745997
IUL23,MARPRT,4/1/2024,4/30/2024,0.022745997
IUL23,MARPRT,5/1/2024,5/31/2024,0.022541997
IUL23,MARPRT,6/1/2024,6/30/2024,0.0225
IUL23,MARPRT,7/1/2024,7/31/2024,0.022847997
IUL23,MARPRT,8/1/2024,8/31/2024,0.022949997
IUL23,MARPRT,9/1/2024,9/30/2024,0.022847997
IUL23,MARPRT,10/1/2024,10/31/2024,0.023051997
IUL23,NASIDX,5/1/2023,5/31/2023,0.0537
IUL23,NASIDX,6/1/2023,6/30/2023,0.0542
IUL23,NASIDX,7/1/2023,7/31/2023,0.0537
IUL23,NASIDX,8/1/2023,8/31/2023,0.0537
IUL23,NASIDX,9/1/2023,9/30/2023,0.0531
IUL23,NASIDX,10/1/2023,10/31/2023,0.0528
IUL23,NASIDX,11/1/2023,11/30/2023,0.053
IUL23,NASIDX,12/1/2023,12/31/2023,0.0528
IUL23,NASIDX,1/1/2024,1/31/2024,0.0525
IUL23,NASIDX,2/1/2024,2/29/2024,0.052
IUL23,NASIDX,3/1/2024,3/31/2024,0.0486
IUL23,NASIDX,4/1/2024,4/30/2024,0.051
IUL23,NASIDX,5/1/2024,5/31/2024,0.0533
IUL23,NASIDX,6/1/2024,6/30/2024,0.0504
IUL23,NASIDX,7/1/2024,7/31/2024,0.051
IUL23,NASIDX,8/1/2024,8/31/2024,0.0502
IUL23,NASIDX,9/1/2024,9/30/2024,0.0505
IUL23,NASIDX,10/1/2024,10/31/2024,0.0509
